subject,model,task,requested_seconds,effective_seconds,permutation,balanced_accuracy
t12,shrinkage_lda,imagined_word,0.5,0.5,0,0.03571428571428571
t12,shrinkage_lda,imagined_word,0.5,0.5,1,0.14285714285714285
t12,shrinkage_lda,imagined_word,0.5,0.5,2,0.14285714285714285
t12,shrinkage_lda,imagined_word,0.5,0.5,3,0.10714285714285714
t12,shrinkage_lda,imagined_word,0.5,0.5,4,0.2857142857142857
t12,shrinkage_lda,imagined_word,0.5,0.5,5,0.07142857142857142
t12,shrinkage_lda,imagined_word,0.5,0.5,6,0.03571428571428571
t12,shrinkage_lda,imagined_word,0.5,0.5,7,0.17857142857142858
t12,shrinkage_lda,imagined_word,0.5,0.5,8,0.17857142857142858
t12,shrinkage_lda,imagined_word,0.5,0.5,9,0.10714285714285714
t12,shrinkage_lda,imagined_word,0.5,0.5,10,0.14285714285714285
t12,shrinkage_lda,imagined_word,0.5,0.5,11,0.17857142857142858
t12,shrinkage_lda,imagined_word,0.5,0.5,12,0.14285714285714285
t12,shrinkage_lda,imagined_word,0.5,0.5,13,0.10714285714285714
t12,shrinkage_lda,imagined_word,0.5,0.5,14,0.03571428571428571
t12,shrinkage_lda,imagined_word,0.5,0.5,15,0.03571428571428571
t12,shrinkage_lda,imagined_word,0.5,0.5,16,0.10714285714285714
t12,shrinkage_lda,imagined_word,0.5,0.5,17,0.03571428571428571
t12,shrinkage_lda,imagined_word,0.5,0.5,18,0.25
t12,shrinkage_lda,imagined_word,0.5,0.5,19,0.21428571428571427
t12,shrinkage_lda,imagined_word,0.5,0.5,20,0.07142857142857142
t12,shrinkage_lda,imagined_word,0.5,0.5,21,0.10714285714285714
t12,shrinkage_lda,imagined_word,0.5,0.5,22,0.07142857142857142
t12,shrinkage_lda,imagined_word,0.5,0.5,23,0.21428571428571427
t12,shrinkage_lda,imagined_word,0.5,0.5,24,0.07142857142857142
t12,shrinkage_lda,imagined_word,0.5,0.5,25,0.07142857142857142
t12,shrinkage_lda,imagined_word,0.5,0.5,26,0.25
t12,shrinkage_lda,imagined_word,0.5,0.5,27,0.17857142857142858
t12,shrinkage_lda,imagined_word,0.5,0.5,28,0.03571428571428571
t12,shrinkage_lda,imagined_word,0.5,0.5,29,0.17857142857142858
t12,shrinkage_lda,imagined_word,0.5,0.5,30,0.10714285714285714
t12,shrinkage_lda,imagined_word,0.5,0.5,31,0.10714285714285714
t12,shrinkage_lda,imagined_word,0.5,0.5,32,0.14285714285714285
t12,shrinkage_lda,imagined_word,0.5,0.5,33,0.10714285714285714
t12,shrinkage_lda,imagined_word,0.5,0.5,34,0.0
t12,shrinkage_lda,imagined_word,0.5,0.5,35,0.14285714285714285
t12,shrinkage_lda,imagined_word,0.5,0.5,36,0.14285714285714285
t12,shrinkage_lda,imagined_word,0.5,0.5,37,0.10714285714285714
t12,shrinkage_lda,imagined_word,0.5,0.5,38,0.25
t12,shrinkage_lda,imagined_word,0.5,0.5,39,0.21428571428571427
t12,shrinkage_lda,imagined_word,0.5,0.5,40,0.17857142857142858
t12,shrinkage_lda,imagined_word,0.5,0.5,41,0.07142857142857142
t12,shrinkage_lda,imagined_word,0.5,0.5,42,0.14285714285714285
t12,shrinkage_lda,imagined_word,0.5,0.5,43,0.07142857142857142
t12,shrinkage_lda,imagined_word,0.5,0.5,44,0.03571428571428571
t12,shrinkage_lda,imagined_word,0.5,0.5,45,0.10714285714285714
t12,shrinkage_lda,imagined_word,0.5,0.5,46,0.14285714285714285
t12,shrinkage_lda,imagined_word,0.5,0.5,47,0.17857142857142858
t12,shrinkage_lda,imagined_word,0.5,0.5,48,0.17857142857142858
t12,shrinkage_lda,attempted_word,0.5,0.5,0,0.10714285714285714
t12,shrinkage_lda,attempted_word,0.5,0.5,1,0.07142857142857142
t12,shrinkage_lda,attempted_word,0.5,0.5,2,0.10714285714285714
t12,shrinkage_lda,attempted_word,0.5,0.5,3,0.14285714285714285
t12,shrinkage_lda,attempted_word,0.5,0.5,4,0.14285714285714285
t12,shrinkage_lda,attempted_word,0.5,0.5,5,0.25
t12,shrinkage_lda,attempted_word,0.5,0.5,6,0.14285714285714285
t12,shrinkage_lda,attempted_word,0.5,0.5,7,0.14285714285714285
t12,shrinkage_lda,attempted_word,0.5,0.5,8,0.0
t12,shrinkage_lda,attempted_word,0.5,0.5,9,0.10714285714285714
t12,shrinkage_lda,attempted_word,0.5,0.5,10,0.07142857142857142
t12,shrinkage_lda,attempted_word,0.5,0.5,11,0.10714285714285714
t12,shrinkage_lda,attempted_word,0.5,0.5,12,0.25
t12,shrinkage_lda,attempted_word,0.5,0.5,13,0.17857142857142858
t12,shrinkage_lda,attempted_word,0.5,0.5,14,0.35714285714285715
t12,shrinkage_lda,attempted_word,0.5,0.5,15,0.03571428571428571
t12,shrinkage_lda,attempted_word,0.5,0.5,16,0.14285714285714285
t12,shrinkage_lda,attempted_word,0.5,0.5,17,0.07142857142857142
t12,shrinkage_lda,attempted_word,0.5,0.5,18,0.07142857142857142
t12,shrinkage_lda,attempted_word,0.5,0.5,19,0.07142857142857142
t12,shrinkage_lda,attempted_word,0.5,0.5,20,0.10714285714285714
t12,shrinkage_lda,attempted_word,0.5,0.5,21,0.17857142857142858
t12,shrinkage_lda,attempted_word,0.5,0.5,22,0.14285714285714285
t12,shrinkage_lda,attempted_word,0.5,0.5,23,0.25
t12,shrinkage_lda,attempted_word,0.5,0.5,24,0.07142857142857142
t12,shrinkage_lda,attempted_word,0.5,0.5,25,0.14285714285714285
t12,shrinkage_lda,attempted_word,0.5,0.5,26,0.17857142857142858
t12,shrinkage_lda,attempted_word,0.5,0.5,27,0.25
t12,shrinkage_lda,attempted_word,0.5,0.5,28,0.17857142857142858
t12,shrinkage_lda,attempted_word,0.5,0.5,29,0.17857142857142858
t12,shrinkage_lda,attempted_word,0.5,0.5,30,0.21428571428571427
t12,shrinkage_lda,attempted_word,0.5,0.5,31,0.14285714285714285
t12,shrinkage_lda,attempted_word,0.5,0.5,32,0.10714285714285714
t12,shrinkage_lda,attempted_word,0.5,0.5,33,0.10714285714285714
t12,shrinkage_lda,attempted_word,0.5,0.5,34,0.14285714285714285
t12,shrinkage_lda,attempted_word,0.5,0.5,35,0.07142857142857142
t12,shrinkage_lda,attempted_word,0.5,0.5,36,0.17857142857142858
t12,shrinkage_lda,attempted_word,0.5,0.5,37,0.21428571428571427
t12,shrinkage_lda,attempted_word,0.5,0.5,38,0.17857142857142858
t12,shrinkage_lda,attempted_word,0.5,0.5,39,0.07142857142857142
t12,shrinkage_lda,attempted_word,0.5,0.5,40,0.2857142857142857
t12,shrinkage_lda,attempted_word,0.5,0.5,41,0.10714285714285714
t12,shrinkage_lda,attempted_word,0.5,0.5,42,0.10714285714285714
t12,shrinkage_lda,attempted_word,0.5,0.5,43,0.14285714285714285
t12,shrinkage_lda,attempted_word,0.5,0.5,44,0.21428571428571427
t12,shrinkage_lda,attempted_word,0.5,0.5,45,0.21428571428571427
t12,shrinkage_lda,attempted_word,0.5,0.5,46,0.03571428571428571
t12,shrinkage_lda,attempted_word,0.5,0.5,47,0.21428571428571427
t12,shrinkage_lda,attempted_word,0.5,0.5,48,0.21428571428571427
t12,shrinkage_lda,listening_word,0.5,0.5,0,0.10714285714285714
t12,shrinkage_lda,listening_word,0.5,0.5,1,0.21428571428571427
t12,shrinkage_lda,listening_word,0.5,0.5,2,0.10714285714285714
t12,shrinkage_lda,listening_word,0.5,0.5,3,0.17857142857142858
t12,shrinkage_lda,listening_word,0.5,0.5,4,0.10714285714285714
t12,shrinkage_lda,listening_word,0.5,0.5,5,0.14285714285714285
t12,shrinkage_lda,listening_word,0.5,0.5,6,0.25
t12,shrinkage_lda,listening_word,0.5,0.5,7,0.2857142857142857
t12,shrinkage_lda,listening_word,0.5,0.5,8,0.14285714285714285
t12,shrinkage_lda,listening_word,0.5,0.5,9,0.25
t12,shrinkage_lda,listening_word,0.5,0.5,10,0.14285714285714285
t12,shrinkage_lda,listening_word,0.5,0.5,11,0.07142857142857142
t12,shrinkage_lda,listening_word,0.5,0.5,12,0.07142857142857142
t12,shrinkage_lda,listening_word,0.5,0.5,13,0.03571428571428571
t12,shrinkage_lda,listening_word,0.5,0.5,14,0.17857142857142858
t12,shrinkage_lda,listening_word,0.5,0.5,15,0.21428571428571427
t12,shrinkage_lda,listening_word,0.5,0.5,16,0.07142857142857142
t12,shrinkage_lda,listening_word,0.5,0.5,17,0.10714285714285714
t12,shrinkage_lda,listening_word,0.5,0.5,18,0.32142857142857145
t12,shrinkage_lda,listening_word,0.5,0.5,19,0.14285714285714285
t12,shrinkage_lda,listening_word,0.5,0.5,20,0.21428571428571427
t12,shrinkage_lda,listening_word,0.5,0.5,21,0.10714285714285714
t12,shrinkage_lda,listening_word,0.5,0.5,22,0.10714285714285714
t12,shrinkage_lda,listening_word,0.5,0.5,23,0.17857142857142858
t12,shrinkage_lda,listening_word,0.5,0.5,24,0.14285714285714285
t12,shrinkage_lda,listening_word,0.5,0.5,25,0.17857142857142858
t12,shrinkage_lda,listening_word,0.5,0.5,26,0.14285714285714285
t12,shrinkage_lda,listening_word,0.5,0.5,27,0.17857142857142858
t12,shrinkage_lda,listening_word,0.5,0.5,28,0.14285714285714285
t12,shrinkage_lda,listening_word,0.5,0.5,29,0.10714285714285714
t12,shrinkage_lda,listening_word,0.5,0.5,30,0.14285714285714285
t12,shrinkage_lda,listening_word,0.5,0.5,31,0.07142857142857142
t12,shrinkage_lda,listening_word,0.5,0.5,32,0.10714285714285714
t12,shrinkage_lda,listening_word,0.5,0.5,33,0.03571428571428571
t12,shrinkage_lda,listening_word,0.5,0.5,34,0.17857142857142858
t12,shrinkage_lda,listening_word,0.5,0.5,35,0.14285714285714285
t12,shrinkage_lda,listening_word,0.5,0.5,36,0.17857142857142858
t12,shrinkage_lda,listening_word,0.5,0.5,37,0.10714285714285714
t12,shrinkage_lda,listening_word,0.5,0.5,38,0.07142857142857142
t12,shrinkage_lda,listening_word,0.5,0.5,39,0.14285714285714285
t12,shrinkage_lda,listening_word,0.5,0.5,40,0.03571428571428571
t12,shrinkage_lda,listening_word,0.5,0.5,41,0.17857142857142858
t12,shrinkage_lda,listening_word,0.5,0.5,42,0.17857142857142858
t12,shrinkage_lda,listening_word,0.5,0.5,43,0.14285714285714285
t12,shrinkage_lda,listening_word,0.5,0.5,44,0.10714285714285714
t12,shrinkage_lda,listening_word,0.5,0.5,45,0.17857142857142858
t12,shrinkage_lda,listening_word,0.5,0.5,46,0.07142857142857142
t12,shrinkage_lda,listening_word,0.5,0.5,47,0.10714285714285714
t12,shrinkage_lda,listening_word,0.5,0.5,48,0.14285714285714285
t12,shrinkage_lda,behavior,0.5,0.5,0,0.23214285714285715
t12,shrinkage_lda,behavior,0.5,0.5,1,0.3392857142857143
t12,shrinkage_lda,behavior,0.5,0.5,2,0.20535714285714285
t12,shrinkage_lda,behavior,0.5,0.5,3,0.16964285714285715
t12,shrinkage_lda,behavior,0.5,0.5,4,0.25892857142857145
t12,shrinkage_lda,behavior,0.5,0.5,5,0.24999999999999997
t12,shrinkage_lda,behavior,0.5,0.5,6,0.23214285714285715
t12,shrinkage_lda,behavior,0.5,0.5,7,0.24999999999999997
t12,shrinkage_lda,behavior,0.5,0.5,8,0.3035714285714286
t12,shrinkage_lda,behavior,0.5,0.5,9,0.20535714285714288
t12,shrinkage_lda,behavior,0.5,0.5,10,0.32142857142857145
t12,shrinkage_lda,behavior,0.5,0.5,11,0.375
t12,shrinkage_lda,behavior,0.5,0.5,12,0.17857142857142858
t12,shrinkage_lda,behavior,0.5,0.5,13,0.25
t12,shrinkage_lda,behavior,0.5,0.5,14,0.3392857142857143
t12,shrinkage_lda,behavior,0.5,0.5,15,0.16964285714285715
t12,shrinkage_lda,behavior,0.5,0.5,16,0.20535714285714288
t12,shrinkage_lda,behavior,0.5,0.5,17,0.23214285714285715
t12,shrinkage_lda,behavior,0.5,0.5,18,0.25
t12,shrinkage_lda,behavior,0.5,0.5,19,0.2857142857142857
t12,shrinkage_lda,behavior,0.5,0.5,20,0.29464285714285715
t12,shrinkage_lda,behavior,0.5,0.5,21,0.19642857142857142
t12,shrinkage_lda,behavior,0.5,0.5,22,0.2767857142857143
t12,shrinkage_lda,behavior,0.5,0.5,23,0.19642857142857142
t12,shrinkage_lda,behavior,0.5,0.5,24,0.23214285714285715
t12,shrinkage_lda,behavior,0.5,0.5,25,0.2857142857142857
t12,shrinkage_lda,behavior,0.5,0.5,26,0.26785714285714285
t12,shrinkage_lda,behavior,0.5,0.5,27,0.20535714285714285
t12,shrinkage_lda,behavior,0.5,0.5,28,0.19642857142857142
t12,shrinkage_lda,behavior,0.5,0.5,29,0.24107142857142855
t12,shrinkage_lda,behavior,0.5,0.5,30,0.3482142857142857
t12,shrinkage_lda,behavior,0.5,0.5,31,0.2589285714285714
t12,shrinkage_lda,behavior,0.5,0.5,32,0.20535714285714285
t12,shrinkage_lda,behavior,0.5,0.5,33,0.3214285714285714
t12,shrinkage_lda,behavior,0.5,0.5,34,0.26785714285714285
t12,shrinkage_lda,behavior,0.5,0.5,35,0.20535714285714285
t12,shrinkage_lda,behavior,0.5,0.5,36,0.26785714285714285
t12,shrinkage_lda,behavior,0.5,0.5,37,0.2232142857142857
t12,shrinkage_lda,behavior,0.5,0.5,38,0.25892857142857145
t12,shrinkage_lda,behavior,0.5,0.5,39,0.2857142857142857
t12,shrinkage_lda,behavior,0.5,0.5,40,0.24107142857142855
t12,shrinkage_lda,behavior,0.5,0.5,41,0.3392857142857143
t12,shrinkage_lda,behavior,0.5,0.5,42,0.29464285714285715
t12,shrinkage_lda,behavior,0.5,0.5,43,0.2589285714285714
t12,shrinkage_lda,behavior,0.5,0.5,44,0.24107142857142858
t12,shrinkage_lda,behavior,0.5,0.5,45,0.24999999999999997
t12,shrinkage_lda,behavior,0.5,0.5,46,0.22321428571428573
t12,shrinkage_lda,behavior,0.5,0.5,47,0.2857142857142857
t12,shrinkage_lda,behavior,0.5,0.5,48,0.25
t12,diagonal_lda,imagined_word,0.5,0.5,0,0.10714285714285714
t12,diagonal_lda,imagined_word,0.5,0.5,1,0.14285714285714285
t12,diagonal_lda,imagined_word,0.5,0.5,2,0.10714285714285714
t12,diagonal_lda,imagined_word,0.5,0.5,3,0.10714285714285714
t12,diagonal_lda,imagined_word,0.5,0.5,4,0.25
t12,diagonal_lda,imagined_word,0.5,0.5,5,0.07142857142857142
t12,diagonal_lda,imagined_word,0.5,0.5,6,0.0
t12,diagonal_lda,imagined_word,0.5,0.5,7,0.14285714285714285
t12,diagonal_lda,imagined_word,0.5,0.5,8,0.17857142857142858
t12,diagonal_lda,imagined_word,0.5,0.5,9,0.14285714285714285
t12,diagonal_lda,imagined_word,0.5,0.5,10,0.07142857142857142
t12,diagonal_lda,imagined_word,0.5,0.5,11,0.17857142857142858
t12,diagonal_lda,imagined_word,0.5,0.5,12,0.10714285714285714
t12,diagonal_lda,imagined_word,0.5,0.5,13,0.14285714285714285
t12,diagonal_lda,imagined_word,0.5,0.5,14,0.03571428571428571
t12,diagonal_lda,imagined_word,0.5,0.5,15,0.14285714285714285
t12,diagonal_lda,imagined_word,0.5,0.5,16,0.10714285714285714
t12,diagonal_lda,imagined_word,0.5,0.5,17,0.07142857142857142
t12,diagonal_lda,imagined_word,0.5,0.5,18,0.14285714285714285
t12,diagonal_lda,imagined_word,0.5,0.5,19,0.25
t12,diagonal_lda,imagined_word,0.5,0.5,20,0.07142857142857142
t12,diagonal_lda,imagined_word,0.5,0.5,21,0.10714285714285714
t12,diagonal_lda,imagined_word,0.5,0.5,22,0.10714285714285714
t12,diagonal_lda,imagined_word,0.5,0.5,23,0.21428571428571427
t12,diagonal_lda,imagined_word,0.5,0.5,24,0.14285714285714285
t12,diagonal_lda,imagined_word,0.5,0.5,25,0.07142857142857142
t12,diagonal_lda,imagined_word,0.5,0.5,26,0.25
t12,diagonal_lda,imagined_word,0.5,0.5,27,0.21428571428571427
t12,diagonal_lda,imagined_word,0.5,0.5,28,0.10714285714285714
t12,diagonal_lda,imagined_word,0.5,0.5,29,0.25
t12,diagonal_lda,imagined_word,0.5,0.5,30,0.17857142857142858
t12,diagonal_lda,imagined_word,0.5,0.5,31,0.14285714285714285
t12,diagonal_lda,imagined_word,0.5,0.5,32,0.14285714285714285
t12,diagonal_lda,imagined_word,0.5,0.5,33,0.21428571428571427
t12,diagonal_lda,imagined_word,0.5,0.5,34,0.07142857142857142
t12,diagonal_lda,imagined_word,0.5,0.5,35,0.17857142857142858
t12,diagonal_lda,imagined_word,0.5,0.5,36,0.10714285714285714
t12,diagonal_lda,imagined_word,0.5,0.5,37,0.10714285714285714
t12,diagonal_lda,imagined_word,0.5,0.5,38,0.2857142857142857
t12,diagonal_lda,imagined_word,0.5,0.5,39,0.21428571428571427
t12,diagonal_lda,imagined_word,0.5,0.5,40,0.21428571428571427
t12,diagonal_lda,imagined_word,0.5,0.5,41,0.07142857142857142
t12,diagonal_lda,imagined_word,0.5,0.5,42,0.10714285714285714
t12,diagonal_lda,imagined_word,0.5,0.5,43,0.10714285714285714
t12,diagonal_lda,imagined_word,0.5,0.5,44,0.03571428571428571
t12,diagonal_lda,imagined_word,0.5,0.5,45,0.10714285714285714
t12,diagonal_lda,imagined_word,0.5,0.5,46,0.21428571428571427
t12,diagonal_lda,imagined_word,0.5,0.5,47,0.21428571428571427
t12,diagonal_lda,imagined_word,0.5,0.5,48,0.14285714285714285
t12,diagonal_lda,attempted_word,0.5,0.5,0,0.17857142857142858
t12,diagonal_lda,attempted_word,0.5,0.5,1,0.07142857142857142
t12,diagonal_lda,attempted_word,0.5,0.5,2,0.10714285714285714
t12,diagonal_lda,attempted_word,0.5,0.5,3,0.14285714285714285
t12,diagonal_lda,attempted_word,0.5,0.5,4,0.17857142857142858
t12,diagonal_lda,attempted_word,0.5,0.5,5,0.25
t12,diagonal_lda,attempted_word,0.5,0.5,6,0.10714285714285714
t12,diagonal_lda,attempted_word,0.5,0.5,7,0.14285714285714285
t12,diagonal_lda,attempted_word,0.5,0.5,8,0.0
t12,diagonal_lda,attempted_word,0.5,0.5,9,0.10714285714285714
t12,diagonal_lda,attempted_word,0.5,0.5,10,0.07142857142857142
t12,diagonal_lda,attempted_word,0.5,0.5,11,0.10714285714285714
t12,diagonal_lda,attempted_word,0.5,0.5,12,0.21428571428571427
t12,diagonal_lda,attempted_word,0.5,0.5,13,0.21428571428571427
t12,diagonal_lda,attempted_word,0.5,0.5,14,0.2857142857142857
t12,diagonal_lda,attempted_word,0.5,0.5,15,0.07142857142857142
t12,diagonal_lda,attempted_word,0.5,0.5,16,0.14285714285714285
t12,diagonal_lda,attempted_word,0.5,0.5,17,0.03571428571428571
t12,diagonal_lda,attempted_word,0.5,0.5,18,0.10714285714285714
t12,diagonal_lda,attempted_word,0.5,0.5,19,0.03571428571428571
t12,diagonal_lda,attempted_word,0.5,0.5,20,0.14285714285714285
t12,diagonal_lda,attempted_word,0.5,0.5,21,0.21428571428571427
t12,diagonal_lda,attempted_word,0.5,0.5,22,0.17857142857142858
t12,diagonal_lda,attempted_word,0.5,0.5,23,0.25
t12,diagonal_lda,attempted_word,0.5,0.5,24,0.10714285714285714
t12,diagonal_lda,attempted_word,0.5,0.5,25,0.10714285714285714
t12,diagonal_lda,attempted_word,0.5,0.5,26,0.21428571428571427
t12,diagonal_lda,attempted_word,0.5,0.5,27,0.25
t12,diagonal_lda,attempted_word,0.5,0.5,28,0.21428571428571427
t12,diagonal_lda,attempted_word,0.5,0.5,29,0.21428571428571427
t12,diagonal_lda,attempted_word,0.5,0.5,30,0.21428571428571427
t12,diagonal_lda,attempted_word,0.5,0.5,31,0.21428571428571427
t12,diagonal_lda,attempted_word,0.5,0.5,32,0.14285714285714285
t12,diagonal_lda,attempted_word,0.5,0.5,33,0.10714285714285714
t12,diagonal_lda,attempted_word,0.5,0.5,34,0.17857142857142858
t12,diagonal_lda,attempted_word,0.5,0.5,35,0.07142857142857142
t12,diagonal_lda,attempted_word,0.5,0.5,36,0.2857142857142857
t12,diagonal_lda,attempted_word,0.5,0.5,37,0.17857142857142858
t12,diagonal_lda,attempted_word,0.5,0.5,38,0.25
t12,diagonal_lda,attempted_word,0.5,0.5,39,0.07142857142857142
t12,diagonal_lda,attempted_word,0.5,0.5,40,0.25
t12,diagonal_lda,attempted_word,0.5,0.5,41,0.10714285714285714
t12,diagonal_lda,attempted_word,0.5,0.5,42,0.03571428571428571
t12,diagonal_lda,attempted_word,0.5,0.5,43,0.10714285714285714
t12,diagonal_lda,attempted_word,0.5,0.5,44,0.2857142857142857
t12,diagonal_lda,attempted_word,0.5,0.5,45,0.25
t12,diagonal_lda,attempted_word,0.5,0.5,46,0.0
t12,diagonal_lda,attempted_word,0.5,0.5,47,0.25
t12,diagonal_lda,attempted_word,0.5,0.5,48,0.21428571428571427
t12,diagonal_lda,listening_word,0.5,0.5,0,0.10714285714285714
t12,diagonal_lda,listening_word,0.5,0.5,1,0.21428571428571427
t12,diagonal_lda,listening_word,0.5,0.5,2,0.17857142857142858
t12,diagonal_lda,listening_word,0.5,0.5,3,0.14285714285714285
t12,diagonal_lda,listening_word,0.5,0.5,4,0.07142857142857142
t12,diagonal_lda,listening_word,0.5,0.5,5,0.10714285714285714
t12,diagonal_lda,listening_word,0.5,0.5,6,0.25
t12,diagonal_lda,listening_word,0.5,0.5,7,0.2857142857142857
t12,diagonal_lda,listening_word,0.5,0.5,8,0.14285714285714285
t12,diagonal_lda,listening_word,0.5,0.5,9,0.14285714285714285
t12,diagonal_lda,listening_word,0.5,0.5,10,0.14285714285714285
t12,diagonal_lda,listening_word,0.5,0.5,11,0.14285714285714285
t12,diagonal_lda,listening_word,0.5,0.5,12,0.07142857142857142
t12,diagonal_lda,listening_word,0.5,0.5,13,0.07142857142857142
t12,diagonal_lda,listening_word,0.5,0.5,14,0.21428571428571427
t12,diagonal_lda,listening_word,0.5,0.5,15,0.21428571428571427
t12,diagonal_lda,listening_word,0.5,0.5,16,0.07142857142857142
t12,diagonal_lda,listening_word,0.5,0.5,17,0.10714285714285714
t12,diagonal_lda,listening_word,0.5,0.5,18,0.2857142857142857
t12,diagonal_lda,listening_word,0.5,0.5,19,0.14285714285714285
t12,diagonal_lda,listening_word,0.5,0.5,20,0.14285714285714285
t12,diagonal_lda,listening_word,0.5,0.5,21,0.10714285714285714
t12,diagonal_lda,listening_word,0.5,0.5,22,0.10714285714285714
t12,diagonal_lda,listening_word,0.5,0.5,23,0.17857142857142858
t12,diagonal_lda,listening_word,0.5,0.5,24,0.14285714285714285
t12,diagonal_lda,listening_word,0.5,0.5,25,0.17857142857142858
t12,diagonal_lda,listening_word,0.5,0.5,26,0.21428571428571427
t12,diagonal_lda,listening_word,0.5,0.5,27,0.17857142857142858
t12,diagonal_lda,listening_word,0.5,0.5,28,0.14285714285714285
t12,diagonal_lda,listening_word,0.5,0.5,29,0.10714285714285714
t12,diagonal_lda,listening_word,0.5,0.5,30,0.10714285714285714
t12,diagonal_lda,listening_word,0.5,0.5,31,0.07142857142857142
t12,diagonal_lda,listening_word,0.5,0.5,32,0.07142857142857142
t12,diagonal_lda,listening_word,0.5,0.5,33,0.03571428571428571
t12,diagonal_lda,listening_word,0.5,0.5,34,0.21428571428571427
t12,diagonal_lda,listening_word,0.5,0.5,35,0.14285714285714285
t12,diagonal_lda,listening_word,0.5,0.5,36,0.25
t12,diagonal_lda,listening_word,0.5,0.5,37,0.07142857142857142
t12,diagonal_lda,listening_word,0.5,0.5,38,0.03571428571428571
t12,diagonal_lda,listening_word,0.5,0.5,39,0.14285714285714285
t12,diagonal_lda,listening_word,0.5,0.5,40,0.07142857142857142
t12,diagonal_lda,listening_word,0.5,0.5,41,0.21428571428571427
t12,diagonal_lda,listening_word,0.5,0.5,42,0.21428571428571427
t12,diagonal_lda,listening_word,0.5,0.5,43,0.10714285714285714
t12,diagonal_lda,listening_word,0.5,0.5,44,0.10714285714285714
t12,diagonal_lda,listening_word,0.5,0.5,45,0.17857142857142858
t12,diagonal_lda,listening_word,0.5,0.5,46,0.07142857142857142
t12,diagonal_lda,listening_word,0.5,0.5,47,0.10714285714285714
t12,diagonal_lda,listening_word,0.5,0.5,48,0.10714285714285714
t12,diagonal_lda,behavior,0.5,0.5,0,0.3482142857142857
t12,diagonal_lda,behavior,0.5,0.5,1,0.5446428571428571
t12,diagonal_lda,behavior,0.5,0.5,2,0.23214285714285715
t12,diagonal_lda,behavior,0.5,0.5,3,0.04464285714285714
t12,diagonal_lda,behavior,0.5,0.5,4,0.20535714285714285
t12,diagonal_lda,behavior,0.5,0.5,5,0.11607142857142856
t12,diagonal_lda,behavior,0.5,0.5,6,0.15178571428571427
t12,diagonal_lda,behavior,0.5,0.5,7,0.2232142857142857
t12,diagonal_lda,behavior,0.5,0.5,8,0.3839285714285714
t12,diagonal_lda,behavior,0.5,0.5,9,0.35714285714285715
t12,diagonal_lda,behavior,0.5,0.5,10,0.375
t12,diagonal_lda,behavior,0.5,0.5,11,0.5178571428571428
t12,diagonal_lda,behavior,0.5,0.5,12,0.15178571428571427
t12,diagonal_lda,behavior,0.5,0.5,13,0.3125
t12,diagonal_lda,behavior,0.5,0.5,14,0.14285714285714285
t12,diagonal_lda,behavior,0.5,0.5,15,0.10714285714285714
t12,diagonal_lda,behavior,0.5,0.5,16,0.13392857142857142
t12,diagonal_lda,behavior,0.5,0.5,17,0.15178571428571427
t12,diagonal_lda,behavior,0.5,0.5,18,0.23214285714285712
t12,diagonal_lda,behavior,0.5,0.5,19,0.41964285714285715
t12,diagonal_lda,behavior,0.5,0.5,20,0.33035714285714285
t12,diagonal_lda,behavior,0.5,0.5,21,0.13392857142857142
t12,diagonal_lda,behavior,0.5,0.5,22,0.1875
t12,diagonal_lda,behavior,0.5,0.5,23,0.03571428571428571
t12,diagonal_lda,behavior,0.5,0.5,24,0.24107142857142858
t12,diagonal_lda,behavior,0.5,0.5,25,0.4107142857142857
t12,diagonal_lda,behavior,0.5,0.5,26,0.5178571428571428
t12,diagonal_lda,behavior,0.5,0.5,27,0.13392857142857142
t12,diagonal_lda,behavior,0.5,0.5,28,0.20535714285714285
t12,diagonal_lda,behavior,0.5,0.5,29,0.23214285714285715
t12,diagonal_lda,behavior,0.5,0.5,30,0.4196428571428571
t12,diagonal_lda,behavior,0.5,0.5,31,0.41964285714285715
t12,diagonal_lda,behavior,0.5,0.5,32,0.20535714285714285
t12,diagonal_lda,behavior,0.5,0.5,33,0.4375
t12,diagonal_lda,behavior,0.5,0.5,34,0.3035714285714286
t12,diagonal_lda,behavior,0.5,0.5,35,0.24107142857142855
t12,diagonal_lda,behavior,0.5,0.5,36,0.32142857142857145
t12,diagonal_lda,behavior,0.5,0.5,37,0.2232142857142857
t12,diagonal_lda,behavior,0.5,0.5,38,0.1607142857142857
t12,diagonal_lda,behavior,0.5,0.5,39,0.3303571428571429
t12,diagonal_lda,behavior,0.5,0.5,40,0.27678571428571425
t12,diagonal_lda,behavior,0.5,0.5,41,0.3660714285714286
t12,diagonal_lda,behavior,0.5,0.5,42,0.09821428571428571
t12,diagonal_lda,behavior,0.5,0.5,43,0.3392857142857143
t12,diagonal_lda,behavior,0.5,0.5,44,0.3214285714285714
t12,diagonal_lda,behavior,0.5,0.5,45,0.1875
t12,diagonal_lda,behavior,0.5,0.5,46,0.3214285714285714
t12,diagonal_lda,behavior,0.5,0.5,47,0.2767857142857143
t12,diagonal_lda,behavior,0.5,0.5,48,0.2857142857142857
t15,shrinkage_lda,imagined_word,0.5,0.5,0,0.18571428571428572
t15,shrinkage_lda,imagined_word,0.5,0.5,1,0.12857142857142856
t15,shrinkage_lda,imagined_word,0.5,0.5,2,0.11428571428571428
t15,shrinkage_lda,imagined_word,0.5,0.5,3,0.12857142857142856
t15,shrinkage_lda,imagined_word,0.5,0.5,4,0.21428571428571433
t15,shrinkage_lda,imagined_word,0.5,0.5,5,0.14285714285714285
t15,shrinkage_lda,imagined_word,0.5,0.5,6,0.19999999999999998
t15,shrinkage_lda,imagined_word,0.5,0.5,7,0.07142857142857142
t15,shrinkage_lda,imagined_word,0.5,0.5,8,0.15714285714285717
t15,shrinkage_lda,imagined_word,0.5,0.5,9,0.14285714285714285
t15,shrinkage_lda,imagined_word,0.5,0.5,10,0.1
t15,shrinkage_lda,imagined_word,0.5,0.5,11,0.1142857142857143
t15,shrinkage_lda,imagined_word,0.5,0.5,12,0.2285714285714286
t15,shrinkage_lda,imagined_word,0.5,0.5,13,0.17142857142857143
t15,shrinkage_lda,imagined_word,0.5,0.5,14,0.17142857142857143
t15,shrinkage_lda,imagined_word,0.5,0.5,15,0.08571428571428572
t15,shrinkage_lda,imagined_word,0.5,0.5,16,0.17142857142857143
t15,shrinkage_lda,imagined_word,0.5,0.5,17,0.1285714285714286
t15,shrinkage_lda,imagined_word,0.5,0.5,18,0.12857142857142856
t15,shrinkage_lda,imagined_word,0.5,0.5,19,0.22857142857142856
t15,shrinkage_lda,imagined_word,0.5,0.5,20,0.09999999999999999
t15,shrinkage_lda,imagined_word,0.5,0.5,21,0.12857142857142856
t15,shrinkage_lda,imagined_word,0.5,0.5,22,0.14285714285714285
t15,shrinkage_lda,imagined_word,0.5,0.5,23,0.21428571428571427
t15,shrinkage_lda,imagined_word,0.5,0.5,24,0.18571428571428572
t15,shrinkage_lda,imagined_word,0.5,0.5,25,0.12857142857142856
t15,shrinkage_lda,imagined_word,0.5,0.5,26,0.17142857142857146
t15,shrinkage_lda,imagined_word,0.5,0.5,27,0.15714285714285717
t15,shrinkage_lda,imagined_word,0.5,0.5,28,0.2285714285714286
t15,shrinkage_lda,imagined_word,0.5,0.5,29,0.1285714285714286
t15,shrinkage_lda,imagined_word,0.5,0.5,30,0.08571428571428573
t15,shrinkage_lda,imagined_word,0.5,0.5,31,0.05714285714285715
t15,shrinkage_lda,imagined_word,0.5,0.5,32,0.1142857142857143
t15,shrinkage_lda,imagined_word,0.5,0.5,33,0.17142857142857146
t15,shrinkage_lda,imagined_word,0.5,0.5,34,0.1285714285714286
t15,shrinkage_lda,imagined_word,0.5,0.5,35,0.11428571428571428
t15,shrinkage_lda,imagined_word,0.5,0.5,36,0.14285714285714285
t15,shrinkage_lda,imagined_word,0.5,0.5,37,0.08571428571428572
t15,shrinkage_lda,imagined_word,0.5,0.5,38,0.1857142857142857
t15,shrinkage_lda,imagined_word,0.5,0.5,39,0.09999999999999999
t15,shrinkage_lda,imagined_word,0.5,0.5,40,0.21428571428571433
t15,shrinkage_lda,imagined_word,0.5,0.5,41,0.1142857142857143
t15,shrinkage_lda,imagined_word,0.5,0.5,42,0.1285714285714286
t15,shrinkage_lda,imagined_word,0.5,0.5,43,0.07142857142857142
t15,shrinkage_lda,imagined_word,0.5,0.5,44,0.17142857142857146
t15,shrinkage_lda,imagined_word,0.5,0.5,45,0.09999999999999999
t15,shrinkage_lda,imagined_word,0.5,0.5,46,0.14285714285714285
t15,shrinkage_lda,imagined_word,0.5,0.5,47,0.11428571428571428
t15,shrinkage_lda,imagined_word,0.5,0.5,48,0.1285714285714286
t15,shrinkage_lda,attempted_word,0.5,0.5,0,0.14285714285714285
t15,shrinkage_lda,attempted_word,0.5,0.5,1,0.08571428571428573
t15,shrinkage_lda,attempted_word,0.5,0.5,2,0.05714285714285715
t15,shrinkage_lda,attempted_word,0.5,0.5,3,0.1142857142857143
t15,shrinkage_lda,attempted_word,0.5,0.5,4,0.1142857142857143
t15,shrinkage_lda,attempted_word,0.5,0.5,5,0.17142857142857143
t15,shrinkage_lda,attempted_word,0.5,0.5,6,0.2
t15,shrinkage_lda,attempted_word,0.5,0.5,7,0.14285714285714285
t15,shrinkage_lda,attempted_word,0.5,0.5,8,0.1142857142857143
t15,shrinkage_lda,attempted_word,0.5,0.5,9,0.17142857142857143
t15,shrinkage_lda,attempted_word,0.5,0.5,10,0.028571428571428574
t15,shrinkage_lda,attempted_word,0.5,0.5,11,0.17142857142857143
t15,shrinkage_lda,attempted_word,0.5,0.5,12,0.17142857142857146
t15,shrinkage_lda,attempted_word,0.5,0.5,13,0.1142857142857143
t15,shrinkage_lda,attempted_word,0.5,0.5,14,0.08571428571428573
t15,shrinkage_lda,attempted_word,0.5,0.5,15,0.14285714285714285
t15,shrinkage_lda,attempted_word,0.5,0.5,16,0.2285714285714286
t15,shrinkage_lda,attempted_word,0.5,0.5,17,0.17142857142857146
t15,shrinkage_lda,attempted_word,0.5,0.5,18,0.19999999999999998
t15,shrinkage_lda,attempted_word,0.5,0.5,19,0.08571428571428573
t15,shrinkage_lda,attempted_word,0.5,0.5,20,0.08571428571428573
t15,shrinkage_lda,attempted_word,0.5,0.5,21,0.17142857142857143
t15,shrinkage_lda,attempted_word,0.5,0.5,22,0.14285714285714285
t15,shrinkage_lda,attempted_word,0.5,0.5,23,0.14285714285714285
t15,shrinkage_lda,attempted_word,0.5,0.5,24,0.17142857142857143
t15,shrinkage_lda,attempted_word,0.5,0.5,25,0.1142857142857143
t15,shrinkage_lda,attempted_word,0.5,0.5,26,0.17142857142857146
t15,shrinkage_lda,attempted_word,0.5,0.5,27,0.14285714285714285
t15,shrinkage_lda,attempted_word,0.5,0.5,28,0.17142857142857146
t15,shrinkage_lda,attempted_word,0.5,0.5,29,0.08571428571428573
t15,shrinkage_lda,attempted_word,0.5,0.5,30,0.08571428571428573
t15,shrinkage_lda,attempted_word,0.5,0.5,31,0.14285714285714285
t15,shrinkage_lda,attempted_word,0.5,0.5,32,0.14285714285714285
t15,shrinkage_lda,attempted_word,0.5,0.5,33,0.19999999999999998
t15,shrinkage_lda,attempted_word,0.5,0.5,34,0.17142857142857146
t15,shrinkage_lda,attempted_word,0.5,0.5,35,0.08571428571428573
t15,shrinkage_lda,attempted_word,0.5,0.5,36,0.08571428571428573
t15,shrinkage_lda,attempted_word,0.5,0.5,37,0.17142857142857143
t15,shrinkage_lda,attempted_word,0.5,0.5,38,0.14285714285714285
t15,shrinkage_lda,attempted_word,0.5,0.5,39,0.19999999999999998
t15,shrinkage_lda,attempted_word,0.5,0.5,40,0.08571428571428573
t15,shrinkage_lda,attempted_word,0.5,0.5,41,0.2285714285714286
t15,shrinkage_lda,attempted_word,0.5,0.5,42,0.14285714285714285
t15,shrinkage_lda,attempted_word,0.5,0.5,43,0.08571428571428573
t15,shrinkage_lda,attempted_word,0.5,0.5,44,0.17142857142857146
t15,shrinkage_lda,attempted_word,0.5,0.5,45,0.1142857142857143
t15,shrinkage_lda,attempted_word,0.5,0.5,46,0.08571428571428573
t15,shrinkage_lda,attempted_word,0.5,0.5,47,0.08571428571428572
t15,shrinkage_lda,attempted_word,0.5,0.5,48,0.2
t15,shrinkage_lda,listening_word,0.5,0.5,0,0.05714285714285715
t15,shrinkage_lda,listening_word,0.5,0.5,1,0.08571428571428573
t15,shrinkage_lda,listening_word,0.5,0.5,2,0.14285714285714285
t15,shrinkage_lda,listening_word,0.5,0.5,3,0.1142857142857143
t15,shrinkage_lda,listening_word,0.5,0.5,4,0.08571428571428573
t15,shrinkage_lda,listening_word,0.5,0.5,5,0.08571428571428573
t15,shrinkage_lda,listening_word,0.5,0.5,6,0.1142857142857143
t15,shrinkage_lda,listening_word,0.5,0.5,7,0.17142857142857143
t15,shrinkage_lda,listening_word,0.5,0.5,8,0.08571428571428573
t15,shrinkage_lda,listening_word,0.5,0.5,9,0.028571428571428574
t15,shrinkage_lda,listening_word,0.5,0.5,10,0.1142857142857143
t15,shrinkage_lda,listening_word,0.5,0.5,11,0.08571428571428573
t15,shrinkage_lda,listening_word,0.5,0.5,12,0.028571428571428574
t15,shrinkage_lda,listening_word,0.5,0.5,13,0.14285714285714285
t15,shrinkage_lda,listening_word,0.5,0.5,14,0.14285714285714285
t15,shrinkage_lda,listening_word,0.5,0.5,15,0.17142857142857143
t15,shrinkage_lda,listening_word,0.5,0.5,16,0.14285714285714285
t15,shrinkage_lda,listening_word,0.5,0.5,17,0.14285714285714285
t15,shrinkage_lda,listening_word,0.5,0.5,18,0.08571428571428573
t15,shrinkage_lda,listening_word,0.5,0.5,19,0.19999999999999998
t15,shrinkage_lda,listening_word,0.5,0.5,20,0.17142857142857143
t15,shrinkage_lda,listening_word,0.5,0.5,21,0.22857142857142856
t15,shrinkage_lda,listening_word,0.5,0.5,22,0.2
t15,shrinkage_lda,listening_word,0.5,0.5,23,0.14285714285714285
t15,shrinkage_lda,listening_word,0.5,0.5,24,0.17142857142857143
t15,shrinkage_lda,listening_word,0.5,0.5,25,0.22857142857142856
t15,shrinkage_lda,listening_word,0.5,0.5,26,0.14285714285714285
t15,shrinkage_lda,listening_word,0.5,0.5,27,0.17142857142857143
t15,shrinkage_lda,listening_word,0.5,0.5,28,0.1142857142857143
t15,shrinkage_lda,listening_word,0.5,0.5,29,0.17142857142857143
t15,shrinkage_lda,listening_word,0.5,0.5,30,0.17142857142857143
t15,shrinkage_lda,listening_word,0.5,0.5,31,0.17142857142857143
t15,shrinkage_lda,listening_word,0.5,0.5,32,0.14285714285714285
t15,shrinkage_lda,listening_word,0.5,0.5,33,0.17142857142857143
t15,shrinkage_lda,listening_word,0.5,0.5,34,0.14285714285714285
t15,shrinkage_lda,listening_word,0.5,0.5,35,0.08571428571428573
t15,shrinkage_lda,listening_word,0.5,0.5,36,0.08571428571428573
t15,shrinkage_lda,listening_word,0.5,0.5,37,0.17142857142857143
t15,shrinkage_lda,listening_word,0.5,0.5,38,0.14285714285714285
t15,shrinkage_lda,listening_word,0.5,0.5,39,0.08571428571428573
t15,shrinkage_lda,listening_word,0.5,0.5,40,0.14285714285714285
t15,shrinkage_lda,listening_word,0.5,0.5,41,0.2571428571428571
t15,shrinkage_lda,listening_word,0.5,0.5,42,0.19999999999999998
t15,shrinkage_lda,listening_word,0.5,0.5,43,0.14285714285714285
t15,shrinkage_lda,listening_word,0.5,0.5,44,0.14285714285714285
t15,shrinkage_lda,listening_word,0.5,0.5,45,0.14285714285714285
t15,shrinkage_lda,listening_word,0.5,0.5,46,0.19999999999999998
t15,shrinkage_lda,listening_word,0.5,0.5,47,0.1142857142857143
t15,shrinkage_lda,listening_word,0.5,0.5,48,0.028571428571428574
t15,shrinkage_lda,behavior,0.5,0.5,0,0.18571428571428572
t15,shrinkage_lda,behavior,0.5,0.5,1,0.20357142857142857
t15,shrinkage_lda,behavior,0.5,0.5,2,0.3071428571428571
t15,shrinkage_lda,behavior,0.5,0.5,3,0.325
t15,shrinkage_lda,behavior,0.5,0.5,4,0.2392857142857143
t15,shrinkage_lda,behavior,0.5,0.5,5,0.175
t15,shrinkage_lda,behavior,0.5,0.5,6,0.16785714285714284
t15,shrinkage_lda,behavior,0.5,0.5,7,0.17857142857142855
t15,shrinkage_lda,behavior,0.5,0.5,8,0.23928571428571427
t15,shrinkage_lda,behavior,0.5,0.5,9,0.22857142857142856
t15,shrinkage_lda,behavior,0.5,0.5,10,0.25
t15,shrinkage_lda,behavior,0.5,0.5,11,0.19642857142857145
t15,shrinkage_lda,behavior,0.5,0.5,12,0.30714285714285716
t15,shrinkage_lda,behavior,0.5,0.5,13,0.21428571428571427
t15,shrinkage_lda,behavior,0.5,0.5,14,0.2785714285714286
t15,shrinkage_lda,behavior,0.5,0.5,15,0.24999999999999997
t15,shrinkage_lda,behavior,0.5,0.5,16,0.17857142857142858
t15,shrinkage_lda,behavior,0.5,0.5,17,0.27142857142857146
t15,shrinkage_lda,behavior,0.5,0.5,18,0.34285714285714286
t15,shrinkage_lda,behavior,0.5,0.5,19,0.22142857142857142
t15,shrinkage_lda,behavior,0.5,0.5,20,0.27142857142857146
t15,shrinkage_lda,behavior,0.5,0.5,21,0.28214285714285714
t15,shrinkage_lda,behavior,0.5,0.5,22,0.2357142857142857
t15,shrinkage_lda,behavior,0.5,0.5,23,0.24285714285714285
t15,shrinkage_lda,behavior,0.5,0.5,24,0.26785714285714285
t15,shrinkage_lda,behavior,0.5,0.5,25,0.3142857142857143
t15,shrinkage_lda,behavior,0.5,0.5,26,0.2285714285714286
t15,shrinkage_lda,behavior,0.5,0.5,27,0.3035714285714286
t15,shrinkage_lda,behavior,0.5,0.5,28,0.18571428571428572
t15,shrinkage_lda,behavior,0.5,0.5,29,0.23571428571428568
t15,shrinkage_lda,behavior,0.5,0.5,30,0.20714285714285716
t15,shrinkage_lda,behavior,0.5,0.5,31,0.25357142857142856
t15,shrinkage_lda,behavior,0.5,0.5,32,0.23928571428571427
t15,shrinkage_lda,behavior,0.5,0.5,33,0.2642857142857143
t15,shrinkage_lda,behavior,0.5,0.5,34,0.23214285714285712
t15,shrinkage_lda,behavior,0.5,0.5,35,0.2714285714285714
t15,shrinkage_lda,behavior,0.5,0.5,36,0.18928571428571428
t15,shrinkage_lda,behavior,0.5,0.5,37,0.2357142857142857
t15,shrinkage_lda,behavior,0.5,0.5,38,0.28214285714285714
t15,shrinkage_lda,behavior,0.5,0.5,39,0.21785714285714286
t15,shrinkage_lda,behavior,0.5,0.5,40,0.23214285714285715
t15,shrinkage_lda,behavior,0.5,0.5,41,0.28928571428571426
t15,shrinkage_lda,behavior,0.5,0.5,42,0.3464285714285714
t15,shrinkage_lda,behavior,0.5,0.5,43,0.1964285714285714
t15,shrinkage_lda,behavior,0.5,0.5,44,0.32142857142857145
t15,shrinkage_lda,behavior,0.5,0.5,45,0.24285714285714285
t15,shrinkage_lda,behavior,0.5,0.5,46,0.2142857142857143
t15,shrinkage_lda,behavior,0.5,0.5,47,0.2142857142857143
t15,shrinkage_lda,behavior,0.5,0.5,48,0.225
t15,diagonal_lda,imagined_word,0.5,0.5,0,0.18571428571428572
t15,diagonal_lda,imagined_word,0.5,0.5,1,0.08571428571428572
t15,diagonal_lda,imagined_word,0.5,0.5,2,0.1142857142857143
t15,diagonal_lda,imagined_word,0.5,0.5,3,0.1857142857142857
t15,diagonal_lda,imagined_word,0.5,0.5,4,0.15714285714285717
t15,diagonal_lda,imagined_word,0.5,0.5,5,0.18571428571428572
t15,diagonal_lda,imagined_word,0.5,0.5,6,0.15714285714285717
t15,diagonal_lda,imagined_word,0.5,0.5,7,0.1857142857142857
t15,diagonal_lda,imagined_word,0.5,0.5,8,0.1285714285714286
t15,diagonal_lda,imagined_word,0.5,0.5,9,0.12857142857142856
t15,diagonal_lda,imagined_word,0.5,0.5,10,0.09999999999999999
t15,diagonal_lda,imagined_word,0.5,0.5,11,0.14285714285714285
t15,diagonal_lda,imagined_word,0.5,0.5,12,0.14285714285714285
t15,diagonal_lda,imagined_word,0.5,0.5,13,0.09999999999999999
t15,diagonal_lda,imagined_word,0.5,0.5,14,0.14285714285714285
t15,diagonal_lda,imagined_word,0.5,0.5,15,0.1142857142857143
t15,diagonal_lda,imagined_word,0.5,0.5,16,0.15714285714285717
t15,diagonal_lda,imagined_word,0.5,0.5,17,0.15714285714285717
t15,diagonal_lda,imagined_word,0.5,0.5,18,0.17142857142857146
t15,diagonal_lda,imagined_word,0.5,0.5,19,0.14285714285714285
t15,diagonal_lda,imagined_word,0.5,0.5,20,0.18571428571428572
t15,diagonal_lda,imagined_word,0.5,0.5,21,0.17142857142857143
t15,diagonal_lda,imagined_word,0.5,0.5,22,0.12857142857142856
t15,diagonal_lda,imagined_word,0.5,0.5,23,0.21428571428571433
t15,diagonal_lda,imagined_word,0.5,0.5,24,0.17142857142857143
t15,diagonal_lda,imagined_word,0.5,0.5,25,0.14285714285714285
t15,diagonal_lda,imagined_word,0.5,0.5,26,0.08571428571428572
t15,diagonal_lda,imagined_word,0.5,0.5,27,0.15714285714285717
t15,diagonal_lda,imagined_word,0.5,0.5,28,0.21428571428571433
t15,diagonal_lda,imagined_word,0.5,0.5,29,0.1285714285714286
t15,diagonal_lda,imagined_word,0.5,0.5,30,0.14285714285714285
t15,diagonal_lda,imagined_word,0.5,0.5,31,0.07142857142857142
t15,diagonal_lda,imagined_word,0.5,0.5,32,0.1285714285714286
t15,diagonal_lda,imagined_word,0.5,0.5,33,0.12857142857142856
t15,diagonal_lda,imagined_word,0.5,0.5,34,0.1571428571428571
t15,diagonal_lda,imagined_word,0.5,0.5,35,0.08571428571428572
t15,diagonal_lda,imagined_word,0.5,0.5,36,0.14285714285714285
t15,diagonal_lda,imagined_word,0.5,0.5,37,0.1142857142857143
t15,diagonal_lda,imagined_word,0.5,0.5,38,0.12857142857142856
t15,diagonal_lda,imagined_word,0.5,0.5,39,0.09999999999999999
t15,diagonal_lda,imagined_word,0.5,0.5,40,0.14285714285714285
t15,diagonal_lda,imagined_word,0.5,0.5,41,0.09999999999999999
t15,diagonal_lda,imagined_word,0.5,0.5,42,0.12857142857142856
t15,diagonal_lda,imagined_word,0.5,0.5,43,0.14285714285714285
t15,diagonal_lda,imagined_word,0.5,0.5,44,0.17142857142857146
t15,diagonal_lda,imagined_word,0.5,0.5,45,0.1142857142857143
t15,diagonal_lda,imagined_word,0.5,0.5,46,0.09999999999999999
t15,diagonal_lda,imagined_word,0.5,0.5,47,0.1142857142857143
t15,diagonal_lda,imagined_word,0.5,0.5,48,0.1142857142857143
t15,diagonal_lda,attempted_word,0.5,0.5,0,0.17142857142857143
t15,diagonal_lda,attempted_word,0.5,0.5,1,0.14285714285714285
t15,diagonal_lda,attempted_word,0.5,0.5,2,0.14285714285714285
t15,diagonal_lda,attempted_word,0.5,0.5,3,0.08571428571428573
t15,diagonal_lda,attempted_word,0.5,0.5,4,0.14285714285714285
t15,diagonal_lda,attempted_word,0.5,0.5,5,0.14285714285714285
t15,diagonal_lda,attempted_word,0.5,0.5,6,0.17142857142857146
t15,diagonal_lda,attempted_word,0.5,0.5,7,0.14285714285714285
t15,diagonal_lda,attempted_word,0.5,0.5,8,0.14285714285714285
t15,diagonal_lda,attempted_word,0.5,0.5,9,0.17142857142857143
t15,diagonal_lda,attempted_word,0.5,0.5,10,0.14285714285714285
t15,diagonal_lda,attempted_word,0.5,0.5,11,0.14285714285714285
t15,diagonal_lda,attempted_word,0.5,0.5,12,0.19999999999999998
t15,diagonal_lda,attempted_word,0.5,0.5,13,0.1142857142857143
t15,diagonal_lda,attempted_word,0.5,0.5,14,0.1142857142857143
t15,diagonal_lda,attempted_word,0.5,0.5,15,0.14285714285714285
t15,diagonal_lda,attempted_word,0.5,0.5,16,0.17142857142857143
t15,diagonal_lda,attempted_word,0.5,0.5,17,0.17142857142857146
t15,diagonal_lda,attempted_word,0.5,0.5,18,0.2285714285714286
t15,diagonal_lda,attempted_word,0.5,0.5,19,0.19999999999999998
t15,diagonal_lda,attempted_word,0.5,0.5,20,0.1142857142857143
t15,diagonal_lda,attempted_word,0.5,0.5,21,0.17142857142857143
t15,diagonal_lda,attempted_word,0.5,0.5,22,0.14285714285714285
t15,diagonal_lda,attempted_word,0.5,0.5,23,0.14285714285714285
t15,diagonal_lda,attempted_word,0.5,0.5,24,0.17142857142857146
t15,diagonal_lda,attempted_word,0.5,0.5,25,0.028571428571428574
t15,diagonal_lda,attempted_word,0.5,0.5,26,0.17142857142857146
t15,diagonal_lda,attempted_word,0.5,0.5,27,0.17142857142857146
t15,diagonal_lda,attempted_word,0.5,0.5,28,0.14285714285714285
t15,diagonal_lda,attempted_word,0.5,0.5,29,0.08571428571428573
t15,diagonal_lda,attempted_word,0.5,0.5,30,0.1142857142857143
t15,diagonal_lda,attempted_word,0.5,0.5,31,0.17142857142857146
t15,diagonal_lda,attempted_word,0.5,0.5,32,0.2285714285714286
t15,diagonal_lda,attempted_word,0.5,0.5,33,0.31428571428571433
t15,diagonal_lda,attempted_word,0.5,0.5,34,0.08571428571428573
t15,diagonal_lda,attempted_word,0.5,0.5,35,0.17142857142857146
t15,diagonal_lda,attempted_word,0.5,0.5,36,0.08571428571428573
t15,diagonal_lda,attempted_word,0.5,0.5,37,0.14285714285714285
t15,diagonal_lda,attempted_word,0.5,0.5,38,0.08571428571428572
t15,diagonal_lda,attempted_word,0.5,0.5,39,0.19999999999999998
t15,diagonal_lda,attempted_word,0.5,0.5,40,0.08571428571428572
t15,diagonal_lda,attempted_word,0.5,0.5,41,0.17142857142857143
t15,diagonal_lda,attempted_word,0.5,0.5,42,0.05714285714285715
t15,diagonal_lda,attempted_word,0.5,0.5,43,0.08571428571428572
t15,diagonal_lda,attempted_word,0.5,0.5,44,0.1142857142857143
t15,diagonal_lda,attempted_word,0.5,0.5,45,0.08571428571428573
t15,diagonal_lda,attempted_word,0.5,0.5,46,0.1142857142857143
t15,diagonal_lda,attempted_word,0.5,0.5,47,0.14285714285714285
t15,diagonal_lda,attempted_word,0.5,0.5,48,0.19999999999999998
t15,diagonal_lda,listening_word,0.5,0.5,0,0.08571428571428573
t15,diagonal_lda,listening_word,0.5,0.5,1,0.08571428571428573
t15,diagonal_lda,listening_word,0.5,0.5,2,0.08571428571428573
t15,diagonal_lda,listening_word,0.5,0.5,3,0.14285714285714285
t15,diagonal_lda,listening_word,0.5,0.5,4,0.08571428571428573
t15,diagonal_lda,listening_word,0.5,0.5,5,0.05714285714285715
t15,diagonal_lda,listening_word,0.5,0.5,6,0.14285714285714285
t15,diagonal_lda,listening_word,0.5,0.5,7,0.17142857142857143
t15,diagonal_lda,listening_word,0.5,0.5,8,0.05714285714285715
t15,diagonal_lda,listening_word,0.5,0.5,9,0.028571428571428574
t15,diagonal_lda,listening_word,0.5,0.5,10,0.1142857142857143
t15,diagonal_lda,listening_word,0.5,0.5,11,0.1142857142857143
t15,diagonal_lda,listening_word,0.5,0.5,12,0.028571428571428574
t15,diagonal_lda,listening_word,0.5,0.5,13,0.17142857142857143
t15,diagonal_lda,listening_word,0.5,0.5,14,0.2857142857142857
t15,diagonal_lda,listening_word,0.5,0.5,15,0.2571428571428572
t15,diagonal_lda,listening_word,0.5,0.5,16,0.1142857142857143
t15,diagonal_lda,listening_word,0.5,0.5,17,0.14285714285714285
t15,diagonal_lda,listening_word,0.5,0.5,18,0.08571428571428573
t15,diagonal_lda,listening_word,0.5,0.5,19,0.2857142857142857
t15,diagonal_lda,listening_word,0.5,0.5,20,0.1142857142857143
t15,diagonal_lda,listening_word,0.5,0.5,21,0.2571428571428572
t15,diagonal_lda,listening_word,0.5,0.5,22,0.2285714285714286
t15,diagonal_lda,listening_word,0.5,0.5,23,0.17142857142857146
t15,diagonal_lda,listening_word,0.5,0.5,24,0.2571428571428572
t15,diagonal_lda,listening_word,0.5,0.5,25,0.3428571428571429
t15,diagonal_lda,listening_word,0.5,0.5,26,0.14285714285714285
t15,diagonal_lda,listening_word,0.5,0.5,27,0.14285714285714285
t15,diagonal_lda,listening_word,0.5,0.5,28,0.14285714285714285
t15,diagonal_lda,listening_word,0.5,0.5,29,0.2285714285714286
t15,diagonal_lda,listening_word,0.5,0.5,30,0.14285714285714285
t15,diagonal_lda,listening_word,0.5,0.5,31,0.14285714285714285
t15,diagonal_lda,listening_word,0.5,0.5,32,0.14285714285714285
t15,diagonal_lda,listening_word,0.5,0.5,33,0.17142857142857143
t15,diagonal_lda,listening_word,0.5,0.5,34,0.14285714285714285
t15,diagonal_lda,listening_word,0.5,0.5,35,0.14285714285714285
t15,diagonal_lda,listening_word,0.5,0.5,36,0.05714285714285715
t15,diagonal_lda,listening_word,0.5,0.5,37,0.19999999999999998
t15,diagonal_lda,listening_word,0.5,0.5,38,0.1142857142857143
t15,diagonal_lda,listening_word,0.5,0.5,39,0.08571428571428573
t15,diagonal_lda,listening_word,0.5,0.5,40,0.08571428571428573
t15,diagonal_lda,listening_word,0.5,0.5,41,0.19999999999999998
t15,diagonal_lda,listening_word,0.5,0.5,42,0.22857142857142856
t15,diagonal_lda,listening_word,0.5,0.5,43,0.14285714285714285
t15,diagonal_lda,listening_word,0.5,0.5,44,0.08571428571428573
t15,diagonal_lda,listening_word,0.5,0.5,45,0.17142857142857146
t15,diagonal_lda,listening_word,0.5,0.5,46,0.19999999999999998
t15,diagonal_lda,listening_word,0.5,0.5,47,0.1142857142857143
t15,diagonal_lda,listening_word,0.5,0.5,48,0.08571428571428573
t15,diagonal_lda,behavior,0.5,0.5,0,0.4642857142857143
t15,diagonal_lda,behavior,0.5,0.5,1,0.14642857142857144
t15,diagonal_lda,behavior,0.5,0.5,2,0.18214285714285716
t15,diagonal_lda,behavior,0.5,0.5,3,0.4607142857142857
t15,diagonal_lda,behavior,0.5,0.5,4,0.17857142857142858
t15,diagonal_lda,behavior,0.5,0.5,5,0.08928571428571429
t15,diagonal_lda,behavior,0.5,0.5,6,0.06785714285714285
t15,diagonal_lda,behavior,0.5,0.5,7,0.23928571428571427
t15,diagonal_lda,behavior,0.5,0.5,8,0.10714285714285715
t15,diagonal_lda,behavior,0.5,0.5,9,0.07857142857142857
t15,diagonal_lda,behavior,0.5,0.5,10,0.09999999999999999
t15,diagonal_lda,behavior,0.5,0.5,11,0.15714285714285714
t15,diagonal_lda,behavior,0.5,0.5,12,0.26785714285714285
t15,diagonal_lda,behavior,0.5,0.5,13,0.1607142857142857
t15,diagonal_lda,behavior,0.5,0.5,14,0.3821428571428571
t15,diagonal_lda,behavior,0.5,0.5,15,0.16428571428571428
t15,diagonal_lda,behavior,0.5,0.5,16,0.0642857142857143
t15,diagonal_lda,behavior,0.5,0.5,17,0.19285714285714287
t15,diagonal_lda,behavior,0.5,0.5,18,0.43571428571428567
t15,diagonal_lda,behavior,0.5,0.5,19,0.05714285714285715
t15,diagonal_lda,behavior,0.5,0.5,20,0.25
t15,diagonal_lda,behavior,0.5,0.5,21,0.2642857142857143
t15,diagonal_lda,behavior,0.5,0.5,22,0.3892857142857143
t15,diagonal_lda,behavior,0.5,0.5,23,0.2392857142857143
t15,diagonal_lda,behavior,0.5,0.5,24,0.3464285714285715
t15,diagonal_lda,behavior,0.5,0.5,25,0.1392857142857143
t15,diagonal_lda,behavior,0.5,0.5,26,0.25
t15,diagonal_lda,behavior,0.5,0.5,27,0.325
t15,diagonal_lda,behavior,0.5,0.5,28,0.3857142857142857
t15,diagonal_lda,behavior,0.5,0.5,29,0.1785714285714286
t15,diagonal_lda,behavior,0.5,0.5,30,0.11785714285714285
t15,diagonal_lda,behavior,0.5,0.5,31,0.04642857142857143
t15,diagonal_lda,behavior,0.5,0.5,32,0.28928571428571426
t15,diagonal_lda,behavior,0.5,0.5,33,0.3571428571428571
t15,diagonal_lda,behavior,0.5,0.5,34,0.13571428571428573
t15,diagonal_lda,behavior,0.5,0.5,35,0.28214285714285714
t15,diagonal_lda,behavior,0.5,0.5,36,0.12857142857142856
t15,diagonal_lda,behavior,0.5,0.5,37,0.22142857142857142
t15,diagonal_lda,behavior,0.5,0.5,38,0.18928571428571428
t15,diagonal_lda,behavior,0.5,0.5,39,0.3464285714285714
t15,diagonal_lda,behavior,0.5,0.5,40,0.17500000000000002
t15,diagonal_lda,behavior,0.5,0.5,41,0.4357142857142857
t15,diagonal_lda,behavior,0.5,0.5,42,0.3107142857142857
t15,diagonal_lda,behavior,0.5,0.5,43,0.1
t15,diagonal_lda,behavior,0.5,0.5,44,0.25
t15,diagonal_lda,behavior,0.5,0.5,45,0.17142857142857143
t15,diagonal_lda,behavior,0.5,0.5,46,0.12857142857142856
t15,diagonal_lda,behavior,0.5,0.5,47,0.22499999999999998
t15,diagonal_lda,behavior,0.5,0.5,48,0.08571428571428572
t16,shrinkage_lda,imagined_word,0.5,0.5,0,0.14285714285714285
t16,shrinkage_lda,imagined_word,0.5,0.5,1,0.07142857142857142
t16,shrinkage_lda,imagined_word,0.5,0.5,2,0.21428571428571427
t16,shrinkage_lda,imagined_word,0.5,0.5,3,0.10714285714285714
t16,shrinkage_lda,imagined_word,0.5,0.5,4,0.21428571428571427
t16,shrinkage_lda,imagined_word,0.5,0.5,5,0.10714285714285714
t16,shrinkage_lda,imagined_word,0.5,0.5,6,0.10714285714285714
t16,shrinkage_lda,imagined_word,0.5,0.5,7,0.14285714285714285
t16,shrinkage_lda,imagined_word,0.5,0.5,8,0.07142857142857142
t16,shrinkage_lda,imagined_word,0.5,0.5,9,0.03571428571428571
t16,shrinkage_lda,imagined_word,0.5,0.5,10,0.07142857142857142
t16,shrinkage_lda,imagined_word,0.5,0.5,11,0.14285714285714285
t16,shrinkage_lda,imagined_word,0.5,0.5,12,0.07142857142857142
t16,shrinkage_lda,imagined_word,0.5,0.5,13,0.32142857142857145
t16,shrinkage_lda,imagined_word,0.5,0.5,14,0.21428571428571427
t16,shrinkage_lda,imagined_word,0.5,0.5,15,0.03571428571428571
t16,shrinkage_lda,imagined_word,0.5,0.5,16,0.21428571428571427
t16,shrinkage_lda,imagined_word,0.5,0.5,17,0.03571428571428571
t16,shrinkage_lda,imagined_word,0.5,0.5,18,0.07142857142857142
t16,shrinkage_lda,imagined_word,0.5,0.5,19,0.14285714285714285
t16,shrinkage_lda,imagined_word,0.5,0.5,20,0.2857142857142857
t16,shrinkage_lda,imagined_word,0.5,0.5,21,0.14285714285714285
t16,shrinkage_lda,imagined_word,0.5,0.5,22,0.17857142857142858
t16,shrinkage_lda,imagined_word,0.5,0.5,23,0.07142857142857142
t16,shrinkage_lda,imagined_word,0.5,0.5,24,0.07142857142857142
t16,shrinkage_lda,imagined_word,0.5,0.5,25,0.03571428571428571
t16,shrinkage_lda,imagined_word,0.5,0.5,26,0.14285714285714285
t16,shrinkage_lda,imagined_word,0.5,0.5,27,0.14285714285714285
t16,shrinkage_lda,imagined_word,0.5,0.5,28,0.10714285714285714
t16,shrinkage_lda,imagined_word,0.5,0.5,29,0.17857142857142858
t16,shrinkage_lda,imagined_word,0.5,0.5,30,0.14285714285714285
t16,shrinkage_lda,imagined_word,0.5,0.5,31,0.14285714285714285
t16,shrinkage_lda,imagined_word,0.5,0.5,32,0.14285714285714285
t16,shrinkage_lda,imagined_word,0.5,0.5,33,0.10714285714285714
t16,shrinkage_lda,imagined_word,0.5,0.5,34,0.25
t16,shrinkage_lda,imagined_word,0.5,0.5,35,0.07142857142857142
t16,shrinkage_lda,imagined_word,0.5,0.5,36,0.17857142857142858
t16,shrinkage_lda,imagined_word,0.5,0.5,37,0.21428571428571427
t16,shrinkage_lda,imagined_word,0.5,0.5,38,0.10714285714285714
t16,shrinkage_lda,imagined_word,0.5,0.5,39,0.10714285714285714
t16,shrinkage_lda,imagined_word,0.5,0.5,40,0.25
t16,shrinkage_lda,imagined_word,0.5,0.5,41,0.0
t16,shrinkage_lda,imagined_word,0.5,0.5,42,0.10714285714285714
t16,shrinkage_lda,imagined_word,0.5,0.5,43,0.17857142857142858
t16,shrinkage_lda,imagined_word,0.5,0.5,44,0.17857142857142858
t16,shrinkage_lda,imagined_word,0.5,0.5,45,0.14285714285714285
t16,shrinkage_lda,imagined_word,0.5,0.5,46,0.17857142857142858
t16,shrinkage_lda,imagined_word,0.5,0.5,47,0.10714285714285714
t16,shrinkage_lda,imagined_word,0.5,0.5,48,0.03571428571428571
t16,shrinkage_lda,attempted_word,0.5,0.5,0,0.07142857142857142
t16,shrinkage_lda,attempted_word,0.5,0.5,1,0.14285714285714285
t16,shrinkage_lda,attempted_word,0.5,0.5,2,0.14285714285714285
t16,shrinkage_lda,attempted_word,0.5,0.5,3,0.21428571428571427
t16,shrinkage_lda,attempted_word,0.5,0.5,4,0.14285714285714285
t16,shrinkage_lda,attempted_word,0.5,0.5,5,0.10714285714285714
t16,shrinkage_lda,attempted_word,0.5,0.5,6,0.2857142857142857
t16,shrinkage_lda,attempted_word,0.5,0.5,7,0.07142857142857142
t16,shrinkage_lda,attempted_word,0.5,0.5,8,0.25
t16,shrinkage_lda,attempted_word,0.5,0.5,9,0.10714285714285714
t16,shrinkage_lda,attempted_word,0.5,0.5,10,0.17857142857142858
t16,shrinkage_lda,attempted_word,0.5,0.5,11,0.17857142857142858
t16,shrinkage_lda,attempted_word,0.5,0.5,12,0.07142857142857142
t16,shrinkage_lda,attempted_word,0.5,0.5,13,0.10714285714285714
t16,shrinkage_lda,attempted_word,0.5,0.5,14,0.17857142857142858
t16,shrinkage_lda,attempted_word,0.5,0.5,15,0.03571428571428571
t16,shrinkage_lda,attempted_word,0.5,0.5,16,0.10714285714285714
t16,shrinkage_lda,attempted_word,0.5,0.5,17,0.10714285714285714
t16,shrinkage_lda,attempted_word,0.5,0.5,18,0.17857142857142858
t16,shrinkage_lda,attempted_word,0.5,0.5,19,0.14285714285714285
t16,shrinkage_lda,attempted_word,0.5,0.5,20,0.14285714285714285
t16,shrinkage_lda,attempted_word,0.5,0.5,21,0.2857142857142857
t16,shrinkage_lda,attempted_word,0.5,0.5,22,0.32142857142857145
t16,shrinkage_lda,attempted_word,0.5,0.5,23,0.07142857142857142
t16,shrinkage_lda,attempted_word,0.5,0.5,24,0.0
t16,shrinkage_lda,attempted_word,0.5,0.5,25,0.07142857142857142
t16,shrinkage_lda,attempted_word,0.5,0.5,26,0.21428571428571427
t16,shrinkage_lda,attempted_word,0.5,0.5,27,0.25
t16,shrinkage_lda,attempted_word,0.5,0.5,28,0.07142857142857142
t16,shrinkage_lda,attempted_word,0.5,0.5,29,0.14285714285714285
t16,shrinkage_lda,attempted_word,0.5,0.5,30,0.17857142857142858
t16,shrinkage_lda,attempted_word,0.5,0.5,31,0.21428571428571427
t16,shrinkage_lda,attempted_word,0.5,0.5,32,0.25
t16,shrinkage_lda,attempted_word,0.5,0.5,33,0.0
t16,shrinkage_lda,attempted_word,0.5,0.5,34,0.14285714285714285
t16,shrinkage_lda,attempted_word,0.5,0.5,35,0.07142857142857142
t16,shrinkage_lda,attempted_word,0.5,0.5,36,0.14285714285714285
t16,shrinkage_lda,attempted_word,0.5,0.5,37,0.25
t16,shrinkage_lda,attempted_word,0.5,0.5,38,0.07142857142857142
t16,shrinkage_lda,attempted_word,0.5,0.5,39,0.21428571428571427
t16,shrinkage_lda,attempted_word,0.5,0.5,40,0.07142857142857142
t16,shrinkage_lda,attempted_word,0.5,0.5,41,0.10714285714285714
t16,shrinkage_lda,attempted_word,0.5,0.5,42,0.07142857142857142
t16,shrinkage_lda,attempted_word,0.5,0.5,43,0.14285714285714285
t16,shrinkage_lda,attempted_word,0.5,0.5,44,0.07142857142857142
t16,shrinkage_lda,attempted_word,0.5,0.5,45,0.14285714285714285
t16,shrinkage_lda,attempted_word,0.5,0.5,46,0.07142857142857142
t16,shrinkage_lda,attempted_word,0.5,0.5,47,0.10714285714285714
t16,shrinkage_lda,attempted_word,0.5,0.5,48,0.10714285714285714
t16,shrinkage_lda,listening_word,0.5,0.5,0,0.17857142857142858
t16,shrinkage_lda,listening_word,0.5,0.5,1,0.14285714285714285
t16,shrinkage_lda,listening_word,0.5,0.5,2,0.10714285714285714
t16,shrinkage_lda,listening_word,0.5,0.5,3,0.14285714285714285
t16,shrinkage_lda,listening_word,0.5,0.5,4,0.07142857142857142
t16,shrinkage_lda,listening_word,0.5,0.5,5,0.03571428571428571
t16,shrinkage_lda,listening_word,0.5,0.5,6,0.03571428571428571
t16,shrinkage_lda,listening_word,0.5,0.5,7,0.14285714285714285
t16,shrinkage_lda,listening_word,0.5,0.5,8,0.17857142857142858
t16,shrinkage_lda,listening_word,0.5,0.5,9,0.03571428571428571
t16,shrinkage_lda,listening_word,0.5,0.5,10,0.21428571428571427
t16,shrinkage_lda,listening_word,0.5,0.5,11,0.21428571428571427
t16,shrinkage_lda,listening_word,0.5,0.5,12,0.17857142857142858
t16,shrinkage_lda,listening_word,0.5,0.5,13,0.17857142857142858
t16,shrinkage_lda,listening_word,0.5,0.5,14,0.2857142857142857
t16,shrinkage_lda,listening_word,0.5,0.5,15,0.21428571428571427
t16,shrinkage_lda,listening_word,0.5,0.5,16,0.17857142857142858
t16,shrinkage_lda,listening_word,0.5,0.5,17,0.07142857142857142
t16,shrinkage_lda,listening_word,0.5,0.5,18,0.07142857142857142
t16,shrinkage_lda,listening_word,0.5,0.5,19,0.14285714285714285
t16,shrinkage_lda,listening_word,0.5,0.5,20,0.14285714285714285
t16,shrinkage_lda,listening_word,0.5,0.5,21,0.21428571428571427
t16,shrinkage_lda,listening_word,0.5,0.5,22,0.03571428571428571
t16,shrinkage_lda,listening_word,0.5,0.5,23,0.21428571428571427
t16,shrinkage_lda,listening_word,0.5,0.5,24,0.21428571428571427
t16,shrinkage_lda,listening_word,0.5,0.5,25,0.07142857142857142
t16,shrinkage_lda,listening_word,0.5,0.5,26,0.07142857142857142
t16,shrinkage_lda,listening_word,0.5,0.5,27,0.10714285714285714
t16,shrinkage_lda,listening_word,0.5,0.5,28,0.14285714285714285
t16,shrinkage_lda,listening_word,0.5,0.5,29,0.03571428571428571
t16,shrinkage_lda,listening_word,0.5,0.5,30,0.17857142857142858
t16,shrinkage_lda,listening_word,0.5,0.5,31,0.14285714285714285
t16,shrinkage_lda,listening_word,0.5,0.5,32,0.10714285714285714
t16,shrinkage_lda,listening_word,0.5,0.5,33,0.25
t16,shrinkage_lda,listening_word,0.5,0.5,34,0.10714285714285714
t16,shrinkage_lda,listening_word,0.5,0.5,35,0.14285714285714285
t16,shrinkage_lda,listening_word,0.5,0.5,36,0.17857142857142858
t16,shrinkage_lda,listening_word,0.5,0.5,37,0.07142857142857142
t16,shrinkage_lda,listening_word,0.5,0.5,38,0.17857142857142858
t16,shrinkage_lda,listening_word,0.5,0.5,39,0.21428571428571427
t16,shrinkage_lda,listening_word,0.5,0.5,40,0.10714285714285714
t16,shrinkage_lda,listening_word,0.5,0.5,41,0.07142857142857142
t16,shrinkage_lda,listening_word,0.5,0.5,42,0.17857142857142858
t16,shrinkage_lda,listening_word,0.5,0.5,43,0.10714285714285714
t16,shrinkage_lda,listening_word,0.5,0.5,44,0.10714285714285714
t16,shrinkage_lda,listening_word,0.5,0.5,45,0.17857142857142858
t16,shrinkage_lda,listening_word,0.5,0.5,46,0.10714285714285714
t16,shrinkage_lda,listening_word,0.5,0.5,47,0.2857142857142857
t16,shrinkage_lda,listening_word,0.5,0.5,48,0.10714285714285714
t16,shrinkage_lda,behavior,0.5,0.5,0,0.25
t16,shrinkage_lda,behavior,0.5,0.5,1,0.23214285714285715
t16,shrinkage_lda,behavior,0.5,0.5,2,0.2142857142857143
t16,shrinkage_lda,behavior,0.5,0.5,3,0.21428571428571427
t16,shrinkage_lda,behavior,0.5,0.5,4,0.20535714285714285
t16,shrinkage_lda,behavior,0.5,0.5,5,0.3035714285714286
t16,shrinkage_lda,behavior,0.5,0.5,6,0.24107142857142858
t16,shrinkage_lda,behavior,0.5,0.5,7,0.19642857142857145
t16,shrinkage_lda,behavior,0.5,0.5,8,0.16964285714285715
t16,shrinkage_lda,behavior,0.5,0.5,9,0.25
t16,shrinkage_lda,behavior,0.5,0.5,10,0.4375
t16,shrinkage_lda,behavior,0.5,0.5,11,0.19642857142857142
t16,shrinkage_lda,behavior,0.5,0.5,12,0.21428571428571427
t16,shrinkage_lda,behavior,0.5,0.5,13,0.2767857142857143
t16,shrinkage_lda,behavior,0.5,0.5,14,0.24107142857142858
t16,shrinkage_lda,behavior,0.5,0.5,15,0.20535714285714285
t16,shrinkage_lda,behavior,0.5,0.5,16,0.2589285714285714
t16,shrinkage_lda,behavior,0.5,0.5,17,0.1875
t16,shrinkage_lda,behavior,0.5,0.5,18,0.2589285714285714
t16,shrinkage_lda,behavior,0.5,0.5,19,0.2589285714285714
t16,shrinkage_lda,behavior,0.5,0.5,20,0.2767857142857143
t16,shrinkage_lda,behavior,0.5,0.5,21,0.3035714285714286
t16,shrinkage_lda,behavior,0.5,0.5,22,0.2857142857142857
t16,shrinkage_lda,behavior,0.5,0.5,23,0.25
t16,shrinkage_lda,behavior,0.5,0.5,24,0.3035714285714286
t16,shrinkage_lda,behavior,0.5,0.5,25,0.23214285714285715
t16,shrinkage_lda,behavior,0.5,0.5,26,0.26785714285714285
t16,shrinkage_lda,behavior,0.5,0.5,27,0.23214285714285712
t16,shrinkage_lda,behavior,0.5,0.5,28,0.25
t16,shrinkage_lda,behavior,0.5,0.5,29,0.3482142857142857
t16,shrinkage_lda,behavior,0.5,0.5,30,0.26785714285714285
t16,shrinkage_lda,behavior,0.5,0.5,31,0.2857142857142857
t16,shrinkage_lda,behavior,0.5,0.5,32,0.2857142857142857
t16,shrinkage_lda,behavior,0.5,0.5,33,0.2589285714285714
t16,shrinkage_lda,behavior,0.5,0.5,34,0.2767857142857143
t16,shrinkage_lda,behavior,0.5,0.5,35,0.4017857142857143
t16,shrinkage_lda,behavior,0.5,0.5,36,0.20535714285714285
t16,shrinkage_lda,behavior,0.5,0.5,37,0.17857142857142855
t16,shrinkage_lda,behavior,0.5,0.5,38,0.20535714285714285
t16,shrinkage_lda,behavior,0.5,0.5,39,0.21428571428571427
t16,shrinkage_lda,behavior,0.5,0.5,40,0.2857142857142857
t16,shrinkage_lda,behavior,0.5,0.5,41,0.29464285714285715
t16,shrinkage_lda,behavior,0.5,0.5,42,0.19642857142857145
t16,shrinkage_lda,behavior,0.5,0.5,43,0.2142857142857143
t16,shrinkage_lda,behavior,0.5,0.5,44,0.3214285714285714
t16,shrinkage_lda,behavior,0.5,0.5,45,0.1875
t16,shrinkage_lda,behavior,0.5,0.5,46,0.1875
t16,shrinkage_lda,behavior,0.5,0.5,47,0.22321428571428573
t16,shrinkage_lda,behavior,0.5,0.5,48,0.1607142857142857
t16,diagonal_lda,imagined_word,0.5,0.5,0,0.14285714285714285
t16,diagonal_lda,imagined_word,0.5,0.5,1,0.10714285714285714
t16,diagonal_lda,imagined_word,0.5,0.5,2,0.17857142857142858
t16,diagonal_lda,imagined_word,0.5,0.5,3,0.07142857142857142
t16,diagonal_lda,imagined_word,0.5,0.5,4,0.21428571428571427
t16,diagonal_lda,imagined_word,0.5,0.5,5,0.07142857142857142
t16,diagonal_lda,imagined_word,0.5,0.5,6,0.14285714285714285
t16,diagonal_lda,imagined_word,0.5,0.5,7,0.10714285714285714
t16,diagonal_lda,imagined_word,0.5,0.5,8,0.10714285714285714
t16,diagonal_lda,imagined_word,0.5,0.5,9,0.17857142857142858
t16,diagonal_lda,imagined_word,0.5,0.5,10,0.07142857142857142
t16,diagonal_lda,imagined_word,0.5,0.5,11,0.14285714285714285
t16,diagonal_lda,imagined_word,0.5,0.5,12,0.10714285714285714
t16,diagonal_lda,imagined_word,0.5,0.5,13,0.17857142857142858
t16,diagonal_lda,imagined_word,0.5,0.5,14,0.14285714285714285
t16,diagonal_lda,imagined_word,0.5,0.5,15,0.07142857142857142
t16,diagonal_lda,imagined_word,0.5,0.5,16,0.21428571428571427
t16,diagonal_lda,imagined_word,0.5,0.5,17,0.07142857142857142
t16,diagonal_lda,imagined_word,0.5,0.5,18,0.07142857142857142
t16,diagonal_lda,imagined_word,0.5,0.5,19,0.10714285714285714
t16,diagonal_lda,imagined_word,0.5,0.5,20,0.17857142857142858
t16,diagonal_lda,imagined_word,0.5,0.5,21,0.07142857142857142
t16,diagonal_lda,imagined_word,0.5,0.5,22,0.14285714285714285
t16,diagonal_lda,imagined_word,0.5,0.5,23,0.10714285714285714
t16,diagonal_lda,imagined_word,0.5,0.5,24,0.10714285714285714
t16,diagonal_lda,imagined_word,0.5,0.5,25,0.03571428571428571
t16,diagonal_lda,imagined_word,0.5,0.5,26,0.17857142857142858
t16,diagonal_lda,imagined_word,0.5,0.5,27,0.14285714285714285
t16,diagonal_lda,imagined_word,0.5,0.5,28,0.10714285714285714
t16,diagonal_lda,imagined_word,0.5,0.5,29,0.21428571428571427
t16,diagonal_lda,imagined_word,0.5,0.5,30,0.14285714285714285
t16,diagonal_lda,imagined_word,0.5,0.5,31,0.17857142857142858
t16,diagonal_lda,imagined_word,0.5,0.5,32,0.21428571428571427
t16,diagonal_lda,imagined_word,0.5,0.5,33,0.14285714285714285
t16,diagonal_lda,imagined_word,0.5,0.5,34,0.17857142857142858
t16,diagonal_lda,imagined_word,0.5,0.5,35,0.10714285714285714
t16,diagonal_lda,imagined_word,0.5,0.5,36,0.14285714285714285
t16,diagonal_lda,imagined_word,0.5,0.5,37,0.25
t16,diagonal_lda,imagined_word,0.5,0.5,38,0.10714285714285714
t16,diagonal_lda,imagined_word,0.5,0.5,39,0.14285714285714285
t16,diagonal_lda,imagined_word,0.5,0.5,40,0.21428571428571427
t16,diagonal_lda,imagined_word,0.5,0.5,41,0.03571428571428571
t16,diagonal_lda,imagined_word,0.5,0.5,42,0.07142857142857142
t16,diagonal_lda,imagined_word,0.5,0.5,43,0.14285714285714285
t16,diagonal_lda,imagined_word,0.5,0.5,44,0.17857142857142858
t16,diagonal_lda,imagined_word,0.5,0.5,45,0.14285714285714285
t16,diagonal_lda,imagined_word,0.5,0.5,46,0.14285714285714285
t16,diagonal_lda,imagined_word,0.5,0.5,47,0.10714285714285714
t16,diagonal_lda,imagined_word,0.5,0.5,48,0.10714285714285714
t16,diagonal_lda,attempted_word,0.5,0.5,0,0.14285714285714285
t16,diagonal_lda,attempted_word,0.5,0.5,1,0.10714285714285714
t16,diagonal_lda,attempted_word,0.5,0.5,2,0.17857142857142858
t16,diagonal_lda,attempted_word,0.5,0.5,3,0.17857142857142858
t16,diagonal_lda,attempted_word,0.5,0.5,4,0.14285714285714285
t16,diagonal_lda,attempted_word,0.5,0.5,5,0.14285714285714285
t16,diagonal_lda,attempted_word,0.5,0.5,6,0.25
t16,diagonal_lda,attempted_word,0.5,0.5,7,0.0
t16,diagonal_lda,attempted_word,0.5,0.5,8,0.21428571428571427
t16,diagonal_lda,attempted_word,0.5,0.5,9,0.17857142857142858
t16,diagonal_lda,attempted_word,0.5,0.5,10,0.14285714285714285
t16,diagonal_lda,attempted_word,0.5,0.5,11,0.03571428571428571
t16,diagonal_lda,attempted_word,0.5,0.5,12,0.07142857142857142
t16,diagonal_lda,attempted_word,0.5,0.5,13,0.14285714285714285
t16,diagonal_lda,attempted_word,0.5,0.5,14,0.10714285714285714
t16,diagonal_lda,attempted_word,0.5,0.5,15,0.03571428571428571
t16,diagonal_lda,attempted_word,0.5,0.5,16,0.10714285714285714
t16,diagonal_lda,attempted_word,0.5,0.5,17,0.14285714285714285
t16,diagonal_lda,attempted_word,0.5,0.5,18,0.21428571428571427
t16,diagonal_lda,attempted_word,0.5,0.5,19,0.14285714285714285
t16,diagonal_lda,attempted_word,0.5,0.5,20,0.10714285714285714
t16,diagonal_lda,attempted_word,0.5,0.5,21,0.32142857142857145
t16,diagonal_lda,attempted_word,0.5,0.5,22,0.2857142857142857
t16,diagonal_lda,attempted_word,0.5,0.5,23,0.17857142857142858
t16,diagonal_lda,attempted_word,0.5,0.5,24,0.0
t16,diagonal_lda,attempted_word,0.5,0.5,25,0.07142857142857142
t16,diagonal_lda,attempted_word,0.5,0.5,26,0.25
t16,diagonal_lda,attempted_word,0.5,0.5,27,0.2857142857142857
t16,diagonal_lda,attempted_word,0.5,0.5,28,0.10714285714285714
t16,diagonal_lda,attempted_word,0.5,0.5,29,0.10714285714285714
t16,diagonal_lda,attempted_word,0.5,0.5,30,0.25
t16,diagonal_lda,attempted_word,0.5,0.5,31,0.32142857142857145
t16,diagonal_lda,attempted_word,0.5,0.5,32,0.17857142857142858
t16,diagonal_lda,attempted_word,0.5,0.5,33,0.0
t16,diagonal_lda,attempted_word,0.5,0.5,34,0.14285714285714285
t16,diagonal_lda,attempted_word,0.5,0.5,35,0.0
t16,diagonal_lda,attempted_word,0.5,0.5,36,0.17857142857142858
t16,diagonal_lda,attempted_word,0.5,0.5,37,0.2857142857142857
t16,diagonal_lda,attempted_word,0.5,0.5,38,0.07142857142857142
t16,diagonal_lda,attempted_word,0.5,0.5,39,0.07142857142857142
t16,diagonal_lda,attempted_word,0.5,0.5,40,0.03571428571428571
t16,diagonal_lda,attempted_word,0.5,0.5,41,0.10714285714285714
t16,diagonal_lda,attempted_word,0.5,0.5,42,0.25
t16,diagonal_lda,attempted_word,0.5,0.5,43,0.17857142857142858
t16,diagonal_lda,attempted_word,0.5,0.5,44,0.10714285714285714
t16,diagonal_lda,attempted_word,0.5,0.5,45,0.17857142857142858
t16,diagonal_lda,attempted_word,0.5,0.5,46,0.07142857142857142
t16,diagonal_lda,attempted_word,0.5,0.5,47,0.14285714285714285
t16,diagonal_lda,attempted_word,0.5,0.5,48,0.17857142857142858
t16,diagonal_lda,listening_word,0.5,0.5,0,0.17857142857142858
t16,diagonal_lda,listening_word,0.5,0.5,1,0.10714285714285714
t16,diagonal_lda,listening_word,0.5,0.5,2,0.14285714285714285
t16,diagonal_lda,listening_word,0.5,0.5,3,0.17857142857142858
t16,diagonal_lda,listening_word,0.5,0.5,4,0.10714285714285714
t16,diagonal_lda,listening_word,0.5,0.5,5,0.10714285714285714
t16,diagonal_lda,listening_word,0.5,0.5,6,0.0
t16,diagonal_lda,listening_word,0.5,0.5,7,0.21428571428571427
t16,diagonal_lda,listening_word,0.5,0.5,8,0.10714285714285714
t16,diagonal_lda,listening_word,0.5,0.5,9,0.14285714285714285
t16,diagonal_lda,listening_word,0.5,0.5,10,0.17857142857142858
t16,diagonal_lda,listening_word,0.5,0.5,11,0.25
t16,diagonal_lda,listening_word,0.5,0.5,12,0.21428571428571427
t16,diagonal_lda,listening_word,0.5,0.5,13,0.17857142857142858
t16,diagonal_lda,listening_word,0.5,0.5,14,0.25
t16,diagonal_lda,listening_word,0.5,0.5,15,0.21428571428571427
t16,diagonal_lda,listening_word,0.5,0.5,16,0.21428571428571427
t16,diagonal_lda,listening_word,0.5,0.5,17,0.17857142857142858
t16,diagonal_lda,listening_word,0.5,0.5,18,0.07142857142857142
t16,diagonal_lda,listening_word,0.5,0.5,19,0.17857142857142858
t16,diagonal_lda,listening_word,0.5,0.5,20,0.10714285714285714
t16,diagonal_lda,listening_word,0.5,0.5,21,0.21428571428571427
t16,diagonal_lda,listening_word,0.5,0.5,22,0.10714285714285714
t16,diagonal_lda,listening_word,0.5,0.5,23,0.2857142857142857
t16,diagonal_lda,listening_word,0.5,0.5,24,0.17857142857142858
t16,diagonal_lda,listening_word,0.5,0.5,25,0.10714285714285714
t16,diagonal_lda,listening_word,0.5,0.5,26,0.14285714285714285
t16,diagonal_lda,listening_word,0.5,0.5,27,0.07142857142857142
t16,diagonal_lda,listening_word,0.5,0.5,28,0.17857142857142858
t16,diagonal_lda,listening_word,0.5,0.5,29,0.07142857142857142
t16,diagonal_lda,listening_word,0.5,0.5,30,0.14285714285714285
t16,diagonal_lda,listening_word,0.5,0.5,31,0.25
t16,diagonal_lda,listening_word,0.5,0.5,32,0.10714285714285714
t16,diagonal_lda,listening_word,0.5,0.5,33,0.25
t16,diagonal_lda,listening_word,0.5,0.5,34,0.10714285714285714
t16,diagonal_lda,listening_word,0.5,0.5,35,0.10714285714285714
t16,diagonal_lda,listening_word,0.5,0.5,36,0.17857142857142858
t16,diagonal_lda,listening_word,0.5,0.5,37,0.07142857142857142
t16,diagonal_lda,listening_word,0.5,0.5,38,0.14285714285714285
t16,diagonal_lda,listening_word,0.5,0.5,39,0.14285714285714285
t16,diagonal_lda,listening_word,0.5,0.5,40,0.14285714285714285
t16,diagonal_lda,listening_word,0.5,0.5,41,0.07142857142857142
t16,diagonal_lda,listening_word,0.5,0.5,42,0.17857142857142858
t16,diagonal_lda,listening_word,0.5,0.5,43,0.14285714285714285
t16,diagonal_lda,listening_word,0.5,0.5,44,0.14285714285714285
t16,diagonal_lda,listening_word,0.5,0.5,45,0.17857142857142858
t16,diagonal_lda,listening_word,0.5,0.5,46,0.07142857142857142
t16,diagonal_lda,listening_word,0.5,0.5,47,0.2857142857142857
t16,diagonal_lda,listening_word,0.5,0.5,48,0.17857142857142858
t16,diagonal_lda,behavior,0.5,0.5,0,0.25892857142857145
t16,diagonal_lda,behavior,0.5,0.5,1,0.03571428571428571
t16,diagonal_lda,behavior,0.5,0.5,2,0.16071428571428573
t16,diagonal_lda,behavior,0.5,0.5,3,0.30357142857142855
t16,diagonal_lda,behavior,0.5,0.5,4,0.08035714285714285
t16,diagonal_lda,behavior,0.5,0.5,5,0.4375
t16,diagonal_lda,behavior,0.5,0.5,6,0.42857142857142855
t16,diagonal_lda,behavior,0.5,0.5,7,0.04464285714285714
t16,diagonal_lda,behavior,0.5,0.5,8,0.1607142857142857
t16,diagonal_lda,behavior,0.5,0.5,9,0.3839285714285714
t16,diagonal_lda,behavior,0.5,0.5,10,0.6428571428571429
t16,diagonal_lda,behavior,0.5,0.5,11,0.10714285714285714
t16,diagonal_lda,behavior,0.5,0.5,12,0.16964285714285712
t16,diagonal_lda,behavior,0.5,0.5,13,0.4017857142857143
t16,diagonal_lda,behavior,0.5,0.5,14,0.13392857142857142
t16,diagonal_lda,behavior,0.5,0.5,15,0.1875
t16,diagonal_lda,behavior,0.5,0.5,16,0.25
t16,diagonal_lda,behavior,0.5,0.5,17,0.20535714285714285
t16,diagonal_lda,behavior,0.5,0.5,18,0.23214285714285715
t16,diagonal_lda,behavior,0.5,0.5,19,0.2767857142857143
t16,diagonal_lda,behavior,0.5,0.5,20,0.25
t16,diagonal_lda,behavior,0.5,0.5,21,0.4464285714285714
t16,diagonal_lda,behavior,0.5,0.5,22,0.20535714285714285
t16,diagonal_lda,behavior,0.5,0.5,23,0.08928571428571427
t16,diagonal_lda,behavior,0.5,0.5,24,0.4375
t16,diagonal_lda,behavior,0.5,0.5,25,0.19642857142857142
t16,diagonal_lda,behavior,0.5,0.5,26,0.25
t16,diagonal_lda,behavior,0.5,0.5,27,0.23214285714285715
t16,diagonal_lda,behavior,0.5,0.5,28,0.24107142857142858
t16,diagonal_lda,behavior,0.5,0.5,29,0.4464285714285714
t16,diagonal_lda,behavior,0.5,0.5,30,0.41964285714285715
t16,diagonal_lda,behavior,0.5,0.5,31,0.4375
t16,diagonal_lda,behavior,0.5,0.5,32,0.2767857142857143
t16,diagonal_lda,behavior,0.5,0.5,33,0.2857142857142857
t16,diagonal_lda,behavior,0.5,0.5,34,0.2232142857142857
t16,diagonal_lda,behavior,0.5,0.5,35,0.4375
t16,diagonal_lda,behavior,0.5,0.5,36,0.29464285714285715
t16,diagonal_lda,behavior,0.5,0.5,37,0.09821428571428571
t16,diagonal_lda,behavior,0.5,0.5,38,0.24107142857142855
t16,diagonal_lda,behavior,0.5,0.5,39,0.25
t16,diagonal_lda,behavior,0.5,0.5,40,0.10714285714285714
t16,diagonal_lda,behavior,0.5,0.5,41,0.44642857142857145
t16,diagonal_lda,behavior,0.5,0.5,42,0.20535714285714285
t16,diagonal_lda,behavior,0.5,0.5,43,0.11607142857142858
t16,diagonal_lda,behavior,0.5,0.5,44,0.3125
t16,diagonal_lda,behavior,0.5,0.5,45,0.16964285714285712
t16,diagonal_lda,behavior,0.5,0.5,46,0.16964285714285715
t16,diagonal_lda,behavior,0.5,0.5,47,0.07142857142857142
t16,diagonal_lda,behavior,0.5,0.5,48,0.20535714285714285
t17,shrinkage_lda,imagined_word,0.5,0.5,0,0.2571428571428572
t17,shrinkage_lda,imagined_word,0.5,0.5,1,0.14285714285714285
t17,shrinkage_lda,imagined_word,0.5,0.5,2,0.2285714285714286
t17,shrinkage_lda,imagined_word,0.5,0.5,3,0.12857142857142856
t17,shrinkage_lda,imagined_word,0.5,0.5,4,0.08571428571428572
t17,shrinkage_lda,imagined_word,0.5,0.5,5,0.1142857142857143
t17,shrinkage_lda,imagined_word,0.5,0.5,6,0.12857142857142856
t17,shrinkage_lda,imagined_word,0.5,0.5,7,0.17142857142857143
t17,shrinkage_lda,imagined_word,0.5,0.5,8,0.14285714285714285
t17,shrinkage_lda,imagined_word,0.5,0.5,9,0.17142857142857146
t17,shrinkage_lda,imagined_word,0.5,0.5,10,0.17142857142857143
t17,shrinkage_lda,imagined_word,0.5,0.5,11,0.09999999999999999
t17,shrinkage_lda,imagined_word,0.5,0.5,12,0.09999999999999999
t17,shrinkage_lda,imagined_word,0.5,0.5,13,0.11428571428571428
t17,shrinkage_lda,imagined_word,0.5,0.5,14,0.07142857142857142
t17,shrinkage_lda,imagined_word,0.5,0.5,15,0.08571428571428573
t17,shrinkage_lda,imagined_word,0.5,0.5,16,0.14285714285714285
t17,shrinkage_lda,imagined_word,0.5,0.5,17,0.1
t17,shrinkage_lda,imagined_word,0.5,0.5,18,0.08571428571428572
t17,shrinkage_lda,imagined_word,0.5,0.5,19,0.17142857142857146
t17,shrinkage_lda,imagined_word,0.5,0.5,20,0.22857142857142856
t17,shrinkage_lda,imagined_word,0.5,0.5,21,0.11428571428571428
t17,shrinkage_lda,imagined_word,0.5,0.5,22,0.09999999999999999
t17,shrinkage_lda,imagined_word,0.5,0.5,23,0.15714285714285717
t17,shrinkage_lda,imagined_word,0.5,0.5,24,0.17142857142857146
t17,shrinkage_lda,imagined_word,0.5,0.5,25,0.19999999999999998
t17,shrinkage_lda,imagined_word,0.5,0.5,26,0.14285714285714285
t17,shrinkage_lda,imagined_word,0.5,0.5,27,0.09999999999999999
t17,shrinkage_lda,imagined_word,0.5,0.5,28,0.17142857142857146
t17,shrinkage_lda,imagined_word,0.5,0.5,29,0.15714285714285717
t17,shrinkage_lda,imagined_word,0.5,0.5,30,0.18571428571428572
t17,shrinkage_lda,imagined_word,0.5,0.5,31,0.15714285714285717
t17,shrinkage_lda,imagined_word,0.5,0.5,32,0.21428571428571427
t17,shrinkage_lda,imagined_word,0.5,0.5,33,0.09999999999999999
t17,shrinkage_lda,imagined_word,0.5,0.5,34,0.1142857142857143
t17,shrinkage_lda,imagined_word,0.5,0.5,35,0.1142857142857143
t17,shrinkage_lda,imagined_word,0.5,0.5,36,0.1857142857142857
t17,shrinkage_lda,imagined_word,0.5,0.5,37,0.15714285714285717
t17,shrinkage_lda,imagined_word,0.5,0.5,38,0.21428571428571427
t17,shrinkage_lda,imagined_word,0.5,0.5,39,0.17142857142857146
t17,shrinkage_lda,imagined_word,0.5,0.5,40,0.1285714285714286
t17,shrinkage_lda,imagined_word,0.5,0.5,41,0.14285714285714285
t17,shrinkage_lda,imagined_word,0.5,0.5,42,0.1
t17,shrinkage_lda,imagined_word,0.5,0.5,43,0.08571428571428572
t17,shrinkage_lda,imagined_word,0.5,0.5,44,0.14285714285714288
t17,shrinkage_lda,imagined_word,0.5,0.5,45,0.15714285714285717
t17,shrinkage_lda,imagined_word,0.5,0.5,46,0.2
t17,shrinkage_lda,imagined_word,0.5,0.5,47,0.14285714285714285
t17,shrinkage_lda,imagined_word,0.5,0.5,48,0.21428571428571433
t17,shrinkage_lda,attempted_word,0.5,0.5,0,0.14285714285714285
t17,shrinkage_lda,attempted_word,0.5,0.5,1,0.14285714285714285
t17,shrinkage_lda,attempted_word,0.5,0.5,2,0.14285714285714285
t17,shrinkage_lda,attempted_word,0.5,0.5,3,0.1142857142857143
t17,shrinkage_lda,attempted_word,0.5,0.5,4,0.14285714285714285
t17,shrinkage_lda,attempted_word,0.5,0.5,5,0.17142857142857143
t17,shrinkage_lda,attempted_word,0.5,0.5,6,0.05714285714285715
t17,shrinkage_lda,attempted_word,0.5,0.5,7,0.19999999999999998
t17,shrinkage_lda,attempted_word,0.5,0.5,8,0.19999999999999998
t17,shrinkage_lda,attempted_word,0.5,0.5,9,0.1142857142857143
t17,shrinkage_lda,attempted_word,0.5,0.5,10,0.14285714285714285
t17,shrinkage_lda,attempted_word,0.5,0.5,11,0.17142857142857146
t17,shrinkage_lda,attempted_word,0.5,0.5,12,0.2857142857142857
t17,shrinkage_lda,attempted_word,0.5,0.5,13,0.22857142857142856
t17,shrinkage_lda,attempted_word,0.5,0.5,14,0.2
t17,shrinkage_lda,attempted_word,0.5,0.5,15,0.19999999999999998
t17,shrinkage_lda,attempted_word,0.5,0.5,16,0.08571428571428573
t17,shrinkage_lda,attempted_word,0.5,0.5,17,0.08571428571428573
t17,shrinkage_lda,attempted_word,0.5,0.5,18,0.14285714285714285
t17,shrinkage_lda,attempted_word,0.5,0.5,19,0.1142857142857143
t17,shrinkage_lda,attempted_word,0.5,0.5,20,0.028571428571428574
t17,shrinkage_lda,attempted_word,0.5,0.5,21,0.05714285714285715
t17,shrinkage_lda,attempted_word,0.5,0.5,22,0.1142857142857143
t17,shrinkage_lda,attempted_word,0.5,0.5,23,0.05714285714285715
t17,shrinkage_lda,attempted_word,0.5,0.5,24,0.14285714285714285
t17,shrinkage_lda,attempted_word,0.5,0.5,25,0.05714285714285715
t17,shrinkage_lda,attempted_word,0.5,0.5,26,0.3142857142857142
t17,shrinkage_lda,attempted_word,0.5,0.5,27,0.19999999999999998
t17,shrinkage_lda,attempted_word,0.5,0.5,28,0.2571428571428572
t17,shrinkage_lda,attempted_word,0.5,0.5,29,0.028571428571428574
t17,shrinkage_lda,attempted_word,0.5,0.5,30,0.19999999999999998
t17,shrinkage_lda,attempted_word,0.5,0.5,31,0.14285714285714285
t17,shrinkage_lda,attempted_word,0.5,0.5,32,0.08571428571428572
t17,shrinkage_lda,attempted_word,0.5,0.5,33,0.19999999999999998
t17,shrinkage_lda,attempted_word,0.5,0.5,34,0.05714285714285715
t17,shrinkage_lda,attempted_word,0.5,0.5,35,0.028571428571428574
t17,shrinkage_lda,attempted_word,0.5,0.5,36,0.14285714285714285
t17,shrinkage_lda,attempted_word,0.5,0.5,37,0.14285714285714285
t17,shrinkage_lda,attempted_word,0.5,0.5,38,0.19999999999999998
t17,shrinkage_lda,attempted_word,0.5,0.5,39,0.14285714285714285
t17,shrinkage_lda,attempted_word,0.5,0.5,40,0.2857142857142857
t17,shrinkage_lda,attempted_word,0.5,0.5,41,0.05714285714285715
t17,shrinkage_lda,attempted_word,0.5,0.5,42,0.08571428571428573
t17,shrinkage_lda,attempted_word,0.5,0.5,43,0.17142857142857143
t17,shrinkage_lda,attempted_word,0.5,0.5,44,0.08571428571428573
t17,shrinkage_lda,attempted_word,0.5,0.5,45,0.22857142857142856
t17,shrinkage_lda,attempted_word,0.5,0.5,46,0.05714285714285715
t17,shrinkage_lda,attempted_word,0.5,0.5,47,0.14285714285714285
t17,shrinkage_lda,attempted_word,0.5,0.5,48,0.08571428571428573
t17,shrinkage_lda,listening_word,0.5,0.5,0,0.19999999999999998
t17,shrinkage_lda,listening_word,0.5,0.5,1,0.19999999999999998
t17,shrinkage_lda,listening_word,0.5,0.5,2,0.08571428571428573
t17,shrinkage_lda,listening_word,0.5,0.5,3,0.17142857142857146
t17,shrinkage_lda,listening_word,0.5,0.5,4,0.2285714285714286
t17,shrinkage_lda,listening_word,0.5,0.5,5,0.14285714285714285
t17,shrinkage_lda,listening_word,0.5,0.5,6,0.08571428571428573
t17,shrinkage_lda,listening_word,0.5,0.5,7,0.14285714285714285
t17,shrinkage_lda,listening_word,0.5,0.5,8,0.08571428571428573
t17,shrinkage_lda,listening_word,0.5,0.5,9,0.3142857142857142
t17,shrinkage_lda,listening_word,0.5,0.5,10,0.17142857142857143
t17,shrinkage_lda,listening_word,0.5,0.5,11,0.14285714285714285
t17,shrinkage_lda,listening_word,0.5,0.5,12,0.08571428571428573
t17,shrinkage_lda,listening_word,0.5,0.5,13,0.14285714285714285
t17,shrinkage_lda,listening_word,0.5,0.5,14,0.2
t17,shrinkage_lda,listening_word,0.5,0.5,15,0.19999999999999998
t17,shrinkage_lda,listening_word,0.5,0.5,16,0.2571428571428571
t17,shrinkage_lda,listening_word,0.5,0.5,17,0.14285714285714285
t17,shrinkage_lda,listening_word,0.5,0.5,18,0.14285714285714285
t17,shrinkage_lda,listening_word,0.5,0.5,19,0.14285714285714285
t17,shrinkage_lda,listening_word,0.5,0.5,20,0.08571428571428573
t17,shrinkage_lda,listening_word,0.5,0.5,21,0.19999999999999998
t17,shrinkage_lda,listening_word,0.5,0.5,22,0.1142857142857143
t17,shrinkage_lda,listening_word,0.5,0.5,23,0.2285714285714286
t17,shrinkage_lda,listening_word,0.5,0.5,24,0.22857142857142856
t17,shrinkage_lda,listening_word,0.5,0.5,25,0.14285714285714285
t17,shrinkage_lda,listening_word,0.5,0.5,26,0.08571428571428573
t17,shrinkage_lda,listening_word,0.5,0.5,27,0.1142857142857143
t17,shrinkage_lda,listening_word,0.5,0.5,28,0.17142857142857143
t17,shrinkage_lda,listening_word,0.5,0.5,29,0.2571428571428571
t17,shrinkage_lda,listening_word,0.5,0.5,30,0.17142857142857146
t17,shrinkage_lda,listening_word,0.5,0.5,31,0.17142857142857146
t17,shrinkage_lda,listening_word,0.5,0.5,32,0.05714285714285715
t17,shrinkage_lda,listening_word,0.5,0.5,33,0.1142857142857143
t17,shrinkage_lda,listening_word,0.5,0.5,34,0.1142857142857143
t17,shrinkage_lda,listening_word,0.5,0.5,35,0.17142857142857143
t17,shrinkage_lda,listening_word,0.5,0.5,36,0.14285714285714285
t17,shrinkage_lda,listening_word,0.5,0.5,37,0.14285714285714285
t17,shrinkage_lda,listening_word,0.5,0.5,38,0.17142857142857143
t17,shrinkage_lda,listening_word,0.5,0.5,39,0.2285714285714286
t17,shrinkage_lda,listening_word,0.5,0.5,40,0.17142857142857143
t17,shrinkage_lda,listening_word,0.5,0.5,41,0.17142857142857146
t17,shrinkage_lda,listening_word,0.5,0.5,42,0.17142857142857143
t17,shrinkage_lda,listening_word,0.5,0.5,43,0.1142857142857143
t17,shrinkage_lda,listening_word,0.5,0.5,44,0.2571428571428571
t17,shrinkage_lda,listening_word,0.5,0.5,45,0.14285714285714285
t17,shrinkage_lda,listening_word,0.5,0.5,46,0.19999999999999998
t17,shrinkage_lda,listening_word,0.5,0.5,47,0.2285714285714286
t17,shrinkage_lda,listening_word,0.5,0.5,48,0.17142857142857146
t17,shrinkage_lda,behavior,0.5,0.5,0,0.2642857142857143
t17,shrinkage_lda,behavior,0.5,0.5,1,0.26785714285714285
t17,shrinkage_lda,behavior,0.5,0.5,2,0.2928571428571428
t17,shrinkage_lda,behavior,0.5,0.5,3,0.2857142857142857
t17,shrinkage_lda,behavior,0.5,0.5,4,0.19285714285714284
t17,shrinkage_lda,behavior,0.5,0.5,5,0.20714285714285713
t17,shrinkage_lda,behavior,0.5,0.5,6,0.26071428571428573
t17,shrinkage_lda,behavior,0.5,0.5,7,0.2857142857142857
t17,shrinkage_lda,behavior,0.5,0.5,8,0.2928571428571428
t17,shrinkage_lda,behavior,0.5,0.5,9,0.23214285714285712
t17,shrinkage_lda,behavior,0.5,0.5,10,0.3
t17,shrinkage_lda,behavior,0.5,0.5,11,0.2035714285714286
t17,shrinkage_lda,behavior,0.5,0.5,12,0.26071428571428573
t17,shrinkage_lda,behavior,0.5,0.5,13,0.24642857142857144
t17,shrinkage_lda,behavior,0.5,0.5,14,0.2
t17,shrinkage_lda,behavior,0.5,0.5,15,0.18571428571428572
t17,shrinkage_lda,behavior,0.5,0.5,16,0.17857142857142855
t17,shrinkage_lda,behavior,0.5,0.5,17,0.275
t17,shrinkage_lda,behavior,0.5,0.5,18,0.29285714285714287
t17,shrinkage_lda,behavior,0.5,0.5,19,0.25
t17,shrinkage_lda,behavior,0.5,0.5,20,0.17142857142857143
t17,shrinkage_lda,behavior,0.5,0.5,21,0.24642857142857144
t17,shrinkage_lda,behavior,0.5,0.5,22,0.24285714285714285
t17,shrinkage_lda,behavior,0.5,0.5,23,0.275
t17,shrinkage_lda,behavior,0.5,0.5,24,0.3
t17,shrinkage_lda,behavior,0.5,0.5,25,0.2785714285714286
t17,shrinkage_lda,behavior,0.5,0.5,26,0.21785714285714286
t17,shrinkage_lda,behavior,0.5,0.5,27,0.24642857142857144
t17,shrinkage_lda,behavior,0.5,0.5,28,0.2928571428571428
t17,shrinkage_lda,behavior,0.5,0.5,29,0.23214285714285715
t17,shrinkage_lda,behavior,0.5,0.5,30,0.26785714285714285
t17,shrinkage_lda,behavior,0.5,0.5,31,0.30714285714285716
t17,shrinkage_lda,behavior,0.5,0.5,32,0.3
t17,shrinkage_lda,behavior,0.5,0.5,33,0.2357142857142857
t17,shrinkage_lda,behavior,0.5,0.5,34,0.25357142857142856
t17,shrinkage_lda,behavior,0.5,0.5,35,0.29642857142857143
t17,shrinkage_lda,behavior,0.5,0.5,36,0.3571428571428571
t17,shrinkage_lda,behavior,0.5,0.5,37,0.21785714285714286
t17,shrinkage_lda,behavior,0.5,0.5,38,0.2642857142857143
t17,shrinkage_lda,behavior,0.5,0.5,39,0.21071428571428574
t17,shrinkage_lda,behavior,0.5,0.5,40,0.29642857142857143
t17,shrinkage_lda,behavior,0.5,0.5,41,0.2
t17,shrinkage_lda,behavior,0.5,0.5,42,0.24285714285714285
t17,shrinkage_lda,behavior,0.5,0.5,43,0.18571428571428572
t17,shrinkage_lda,behavior,0.5,0.5,44,0.2142857142857143
t17,shrinkage_lda,behavior,0.5,0.5,45,0.14642857142857144
t17,shrinkage_lda,behavior,0.5,0.5,46,0.23214285714285715
t17,shrinkage_lda,behavior,0.5,0.5,47,0.25357142857142856
t17,shrinkage_lda,behavior,0.5,0.5,48,0.24285714285714285
t17,diagonal_lda,imagined_word,0.5,0.5,0,0.2571428571428572
t17,diagonal_lda,imagined_word,0.5,0.5,1,0.12857142857142856
t17,diagonal_lda,imagined_word,0.5,0.5,2,0.19999999999999998
t17,diagonal_lda,imagined_word,0.5,0.5,3,0.12857142857142856
t17,diagonal_lda,imagined_word,0.5,0.5,4,0.05714285714285715
t17,diagonal_lda,imagined_word,0.5,0.5,5,0.12857142857142856
t17,diagonal_lda,imagined_word,0.5,0.5,6,0.12857142857142856
t17,diagonal_lda,imagined_word,0.5,0.5,7,0.12857142857142856
t17,diagonal_lda,imagined_word,0.5,0.5,8,0.14285714285714285
t17,diagonal_lda,imagined_word,0.5,0.5,9,0.14285714285714288
t17,diagonal_lda,imagined_word,0.5,0.5,10,0.12857142857142856
t17,diagonal_lda,imagined_word,0.5,0.5,11,0.14285714285714285
t17,diagonal_lda,imagined_word,0.5,0.5,12,0.1142857142857143
t17,diagonal_lda,imagined_word,0.5,0.5,13,0.11428571428571428
t17,diagonal_lda,imagined_word,0.5,0.5,14,0.05714285714285715
t17,diagonal_lda,imagined_word,0.5,0.5,15,0.07142857142857142
t17,diagonal_lda,imagined_word,0.5,0.5,16,0.14285714285714285
t17,diagonal_lda,imagined_word,0.5,0.5,17,0.1285714285714286
t17,diagonal_lda,imagined_word,0.5,0.5,18,0.1285714285714286
t17,diagonal_lda,imagined_word,0.5,0.5,19,0.14285714285714285
t17,diagonal_lda,imagined_word,0.5,0.5,20,0.21428571428571427
t17,diagonal_lda,imagined_word,0.5,0.5,21,0.1142857142857143
t17,diagonal_lda,imagined_word,0.5,0.5,22,0.08571428571428572
t17,diagonal_lda,imagined_word,0.5,0.5,23,0.21428571428571427
t17,diagonal_lda,imagined_word,0.5,0.5,24,0.17142857142857146
t17,diagonal_lda,imagined_word,0.5,0.5,25,0.18571428571428572
t17,diagonal_lda,imagined_word,0.5,0.5,26,0.1285714285714286
t17,diagonal_lda,imagined_word,0.5,0.5,27,0.1142857142857143
t17,diagonal_lda,imagined_word,0.5,0.5,28,0.21428571428571427
t17,diagonal_lda,imagined_word,0.5,0.5,29,0.17142857142857143
t17,diagonal_lda,imagined_word,0.5,0.5,30,0.14285714285714285
t17,diagonal_lda,imagined_word,0.5,0.5,31,0.18571428571428572
t17,diagonal_lda,imagined_word,0.5,0.5,32,0.21428571428571427
t17,diagonal_lda,imagined_word,0.5,0.5,33,0.09999999999999999
t17,diagonal_lda,imagined_word,0.5,0.5,34,0.1285714285714286
t17,diagonal_lda,imagined_word,0.5,0.5,35,0.09999999999999999
t17,diagonal_lda,imagined_word,0.5,0.5,36,0.14285714285714285
t17,diagonal_lda,imagined_word,0.5,0.5,37,0.2
t17,diagonal_lda,imagined_word,0.5,0.5,38,0.2285714285714286
t17,diagonal_lda,imagined_word,0.5,0.5,39,0.1285714285714286
t17,diagonal_lda,imagined_word,0.5,0.5,40,0.14285714285714285
t17,diagonal_lda,imagined_word,0.5,0.5,41,0.1285714285714286
t17,diagonal_lda,imagined_word,0.5,0.5,42,0.1142857142857143
t17,diagonal_lda,imagined_word,0.5,0.5,43,0.08571428571428573
t17,diagonal_lda,imagined_word,0.5,0.5,44,0.1285714285714286
t17,diagonal_lda,imagined_word,0.5,0.5,45,0.15714285714285717
t17,diagonal_lda,imagined_word,0.5,0.5,46,0.18571428571428575
t17,diagonal_lda,imagined_word,0.5,0.5,47,0.1142857142857143
t17,diagonal_lda,imagined_word,0.5,0.5,48,0.20000000000000004
t17,diagonal_lda,attempted_word,0.5,0.5,0,0.14285714285714285
t17,diagonal_lda,attempted_word,0.5,0.5,1,0.05714285714285715
t17,diagonal_lda,attempted_word,0.5,0.5,2,0.17142857142857146
t17,diagonal_lda,attempted_word,0.5,0.5,3,0.22857142857142856
t17,diagonal_lda,attempted_word,0.5,0.5,4,0.1142857142857143
t17,diagonal_lda,attempted_word,0.5,0.5,5,0.2285714285714286
t17,diagonal_lda,attempted_word,0.5,0.5,6,0.1142857142857143
t17,diagonal_lda,attempted_word,0.5,0.5,7,0.14285714285714285
t17,diagonal_lda,attempted_word,0.5,0.5,8,0.2
t17,diagonal_lda,attempted_word,0.5,0.5,9,0.08571428571428573
t17,diagonal_lda,attempted_word,0.5,0.5,10,0.17142857142857143
t17,diagonal_lda,attempted_word,0.5,0.5,11,0.19999999999999998
t17,diagonal_lda,attempted_word,0.5,0.5,12,0.2285714285714286
t17,diagonal_lda,attempted_word,0.5,0.5,13,0.19999999999999998
t17,diagonal_lda,attempted_word,0.5,0.5,14,0.22857142857142856
t17,diagonal_lda,attempted_word,0.5,0.5,15,0.14285714285714285
t17,diagonal_lda,attempted_word,0.5,0.5,16,0.1142857142857143
t17,diagonal_lda,attempted_word,0.5,0.5,17,0.14285714285714285
t17,diagonal_lda,attempted_word,0.5,0.5,18,0.1142857142857143
t17,diagonal_lda,attempted_word,0.5,0.5,19,0.14285714285714285
t17,diagonal_lda,attempted_word,0.5,0.5,20,0.028571428571428574
t17,diagonal_lda,attempted_word,0.5,0.5,21,0.1142857142857143
t17,diagonal_lda,attempted_word,0.5,0.5,22,0.1142857142857143
t17,diagonal_lda,attempted_word,0.5,0.5,23,0.1142857142857143
t17,diagonal_lda,attempted_word,0.5,0.5,24,0.08571428571428573
t17,diagonal_lda,attempted_word,0.5,0.5,25,0.028571428571428574
t17,diagonal_lda,attempted_word,0.5,0.5,26,0.31428571428571433
t17,diagonal_lda,attempted_word,0.5,0.5,27,0.19999999999999998
t17,diagonal_lda,attempted_word,0.5,0.5,28,0.2571428571428572
t17,diagonal_lda,attempted_word,0.5,0.5,29,0.0
t17,diagonal_lda,attempted_word,0.5,0.5,30,0.17142857142857146
t17,diagonal_lda,attempted_word,0.5,0.5,31,0.08571428571428573
t17,diagonal_lda,attempted_word,0.5,0.5,32,0.1142857142857143
t17,diagonal_lda,attempted_word,0.5,0.5,33,0.2571428571428572
t17,diagonal_lda,attempted_word,0.5,0.5,34,0.028571428571428574
t17,diagonal_lda,attempted_word,0.5,0.5,35,0.028571428571428574
t17,diagonal_lda,attempted_word,0.5,0.5,36,0.1142857142857143
t17,diagonal_lda,attempted_word,0.5,0.5,37,0.1142857142857143
t17,diagonal_lda,attempted_word,0.5,0.5,38,0.14285714285714285
t17,diagonal_lda,attempted_word,0.5,0.5,39,0.19999999999999998
t17,diagonal_lda,attempted_word,0.5,0.5,40,0.19999999999999998
t17,diagonal_lda,attempted_word,0.5,0.5,41,0.08571428571428573
t17,diagonal_lda,attempted_word,0.5,0.5,42,0.05714285714285715
t17,diagonal_lda,attempted_word,0.5,0.5,43,0.08571428571428573
t17,diagonal_lda,attempted_word,0.5,0.5,44,0.08571428571428573
t17,diagonal_lda,attempted_word,0.5,0.5,45,0.2571428571428572
t17,diagonal_lda,attempted_word,0.5,0.5,46,0.1142857142857143
t17,diagonal_lda,attempted_word,0.5,0.5,47,0.05714285714285715
t17,diagonal_lda,attempted_word,0.5,0.5,48,0.1142857142857143
t17,diagonal_lda,listening_word,0.5,0.5,0,0.19999999999999998
t17,diagonal_lda,listening_word,0.5,0.5,1,0.17142857142857146
t17,diagonal_lda,listening_word,0.5,0.5,2,0.14285714285714285
t17,diagonal_lda,listening_word,0.5,0.5,3,0.17142857142857146
t17,diagonal_lda,listening_word,0.5,0.5,4,0.14285714285714285
t17,diagonal_lda,listening_word,0.5,0.5,5,0.14285714285714285
t17,diagonal_lda,listening_word,0.5,0.5,6,0.1142857142857143
t17,diagonal_lda,listening_word,0.5,0.5,7,0.05714285714285715
t17,diagonal_lda,listening_word,0.5,0.5,8,0.08571428571428573
t17,diagonal_lda,listening_word,0.5,0.5,9,0.2857142857142857
t17,diagonal_lda,listening_word,0.5,0.5,10,0.17142857142857146
t17,diagonal_lda,listening_word,0.5,0.5,11,0.14285714285714285
t17,diagonal_lda,listening_word,0.5,0.5,12,0.17142857142857146
t17,diagonal_lda,listening_word,0.5,0.5,13,0.17142857142857146
t17,diagonal_lda,listening_word,0.5,0.5,14,0.2
t17,diagonal_lda,listening_word,0.5,0.5,15,0.19999999999999998
t17,diagonal_lda,listening_word,0.5,0.5,16,0.2285714285714286
t17,diagonal_lda,listening_word,0.5,0.5,17,0.1142857142857143
t17,diagonal_lda,listening_word,0.5,0.5,18,0.08571428571428573
t17,diagonal_lda,listening_word,0.5,0.5,19,0.08571428571428573
t17,diagonal_lda,listening_word,0.5,0.5,20,0.08571428571428573
t17,diagonal_lda,listening_word,0.5,0.5,21,0.22857142857142856
t17,diagonal_lda,listening_word,0.5,0.5,22,0.08571428571428572
t17,diagonal_lda,listening_word,0.5,0.5,23,0.17142857142857146
t17,diagonal_lda,listening_word,0.5,0.5,24,0.2285714285714286
t17,diagonal_lda,listening_word,0.5,0.5,25,0.17142857142857146
t17,diagonal_lda,listening_word,0.5,0.5,26,0.1142857142857143
t17,diagonal_lda,listening_word,0.5,0.5,27,0.1142857142857143
t17,diagonal_lda,listening_word,0.5,0.5,28,0.14285714285714285
t17,diagonal_lda,listening_word,0.5,0.5,29,0.19999999999999998
t17,diagonal_lda,listening_word,0.5,0.5,30,0.08571428571428573
t17,diagonal_lda,listening_word,0.5,0.5,31,0.17142857142857146
t17,diagonal_lda,listening_word,0.5,0.5,32,0.14285714285714285
t17,diagonal_lda,listening_word,0.5,0.5,33,0.14285714285714285
t17,diagonal_lda,listening_word,0.5,0.5,34,0.08571428571428573
t17,diagonal_lda,listening_word,0.5,0.5,35,0.14285714285714285
t17,diagonal_lda,listening_word,0.5,0.5,36,0.1142857142857143
t17,diagonal_lda,listening_word,0.5,0.5,37,0.08571428571428573
t17,diagonal_lda,listening_word,0.5,0.5,38,0.14285714285714285
t17,diagonal_lda,listening_word,0.5,0.5,39,0.17142857142857143
t17,diagonal_lda,listening_word,0.5,0.5,40,0.17142857142857143
t17,diagonal_lda,listening_word,0.5,0.5,41,0.17142857142857146
t17,diagonal_lda,listening_word,0.5,0.5,42,0.17142857142857143
t17,diagonal_lda,listening_word,0.5,0.5,43,0.17142857142857143
t17,diagonal_lda,listening_word,0.5,0.5,44,0.22857142857142856
t17,diagonal_lda,listening_word,0.5,0.5,45,0.14285714285714285
t17,diagonal_lda,listening_word,0.5,0.5,46,0.19999999999999998
t17,diagonal_lda,listening_word,0.5,0.5,47,0.22857142857142856
t17,diagonal_lda,listening_word,0.5,0.5,48,0.1142857142857143
t17,diagonal_lda,behavior,0.5,0.5,0,0.275
t17,diagonal_lda,behavior,0.5,0.5,1,0.23214285714285712
t17,diagonal_lda,behavior,0.5,0.5,2,0.2857142857142857
t17,diagonal_lda,behavior,0.5,0.5,3,0.2928571428571428
t17,diagonal_lda,behavior,0.5,0.5,4,0.1642857142857143
t17,diagonal_lda,behavior,0.5,0.5,5,0.20714285714285713
t17,diagonal_lda,behavior,0.5,0.5,6,0.2607142857142857
t17,diagonal_lda,behavior,0.5,0.5,7,0.32499999999999996
t17,diagonal_lda,behavior,0.5,0.5,8,0.30714285714285716
t17,diagonal_lda,behavior,0.5,0.5,9,0.2
t17,diagonal_lda,behavior,0.5,0.5,10,0.3321428571428572
t17,diagonal_lda,behavior,0.5,0.5,11,0.2142857142857143
t17,diagonal_lda,behavior,0.5,0.5,12,0.2714285714285714
t17,diagonal_lda,behavior,0.5,0.5,13,0.25357142857142856
t17,diagonal_lda,behavior,0.5,0.5,14,0.21785714285714286
t17,diagonal_lda,behavior,0.5,0.5,15,0.175
t17,diagonal_lda,behavior,0.5,0.5,16,0.19285714285714287
t17,diagonal_lda,behavior,0.5,0.5,17,0.29642857142857143
t17,diagonal_lda,behavior,0.5,0.5,18,0.3142857142857143
t17,diagonal_lda,behavior,0.5,0.5,19,0.2464285714285714
t17,diagonal_lda,behavior,0.5,0.5,20,0.18214285714285716
t17,diagonal_lda,behavior,0.5,0.5,21,0.2285714285714286
t17,diagonal_lda,behavior,0.5,0.5,22,0.2642857142857143
t17,diagonal_lda,behavior,0.5,0.5,23,0.3214285714285714
t17,diagonal_lda,behavior,0.5,0.5,24,0.29642857142857143
t17,diagonal_lda,behavior,0.5,0.5,25,0.2857142857142857
t17,diagonal_lda,behavior,0.5,0.5,26,0.225
t17,diagonal_lda,behavior,0.5,0.5,27,0.2357142857142857
t17,diagonal_lda,behavior,0.5,0.5,28,0.31785714285714284
t17,diagonal_lda,behavior,0.5,0.5,29,0.22142857142857142
t17,diagonal_lda,behavior,0.5,0.5,30,0.28214285714285714
t17,diagonal_lda,behavior,0.5,0.5,31,0.31785714285714284
t17,diagonal_lda,behavior,0.5,0.5,32,0.275
t17,diagonal_lda,behavior,0.5,0.5,33,0.24642857142857139
t17,diagonal_lda,behavior,0.5,0.5,34,0.20357142857142857
t17,diagonal_lda,behavior,0.5,0.5,35,0.2714285714285714
t17,diagonal_lda,behavior,0.5,0.5,36,0.3535714285714286
t17,diagonal_lda,behavior,0.5,0.5,37,0.21785714285714286
t17,diagonal_lda,behavior,0.5,0.5,38,0.2642857142857143
t17,diagonal_lda,behavior,0.5,0.5,39,0.2142857142857143
t17,diagonal_lda,behavior,0.5,0.5,40,0.28214285714285714
t17,diagonal_lda,behavior,0.5,0.5,41,0.18571428571428572
t17,diagonal_lda,behavior,0.5,0.5,42,0.25
t17,diagonal_lda,behavior,0.5,0.5,43,0.20714285714285713
t17,diagonal_lda,behavior,0.5,0.5,44,0.2
t17,diagonal_lda,behavior,0.5,0.5,45,0.11428571428571428
t17,diagonal_lda,behavior,0.5,0.5,46,0.20357142857142857
t17,diagonal_lda,behavior,0.5,0.5,47,0.22857142857142854
t17,diagonal_lda,behavior,0.5,0.5,48,0.22500000000000003
